"ID","地域","緯度","経度","ジャンル1","サブジャンル1","ジャンル2","サブジャンル2","ジャンル3","サブジャンル3","名称","概略","郵便番号","住所","電話番号","Fax番号","E-mail","開館時間","休館日","料金","備考","リンク"
"1498","金沢市","36.596767","136.737368","避難所","","","","","","三谷公民館（指定避難場所）","収容人数：138
災害適否  地震：利用可能 津波：利用可能 洪水：利用可能 土砂：利用可能","920-0153","金沢市宮野町ホ79","076-257-6727","076-257-6748","","","","","",""
"1499","金沢市","36.595839","136.735955","避難所","","","","","","三谷小学校（指定避難場所）","収容人数：1356
災害適否  地震：利用可能 津波：利用可能 洪水：利用可能 土砂：利用可能","920-0153","金沢市宮野町ニ277","076-257-6464","076-257-4896","","","","","標高：26.5M",""
"1500","金沢市","36.608065","136.70866","避難所","","","","","","薬師谷公民館（指定避難場所）","収容人数：140
災害適否  地震：利用可能 津波：利用可能 洪水：利用可能 土砂：利用可能","920-0173","金沢市不動寺町イ34-1","076-257-2488","076-257-2467","","","","","標高：15.4M",""
"1501","金沢市","36.608454","136.708621","避難所","","","","","","不動寺小学校（指定避難場所）","収容人数：1408
災害適否  地震：利用可能 津波：利用可能 洪水：利用可能 土砂：利用可能","920-0173","金沢市不動寺町イ33","076-258-0221","076-258-4524","","","","","標高：16.0M",""
"1502","金沢市","36.630021","136.674668","避難所","","","","","","柳瀬川つつみ公園（指定避難場所）","災害適否  地震：利用可能 津波：利用可能 洪水：未利用 土砂：利用可能","920-3121","金沢市大場町西23-1","","","","","","","",""
"1503","金沢市","36.626012","136.688192","避難所","","","","","","湖陽児童公園（指定避難場所）","災害適否  地震：利用可能 津波：利用可能 洪水：未利用 土砂：利用可能","920-3103","金沢市湖陽１丁目133","","","","","","","",""
"1504","金沢市","36.627243","136.688814","避難所","","","","","","湖陽緑道公園（指定避難場所）","災害適否  地震：利用可能 津波：利用可能 洪水：未利用 土砂：利用可能","920-3103","金沢市湖陽１丁目80","","","","","","","",""
"1505","金沢市","36.626614","136.691389","避難所","","","","","","北部公園（指定避難場所）","災害適否  地震：利用可能 津波：利用可能 洪水：未利用 土砂：利用可能","920-3117","金沢市北森本町","076-257-2023","","","","","","",""
"1506","金沢市","36.636515","136.674782","避難所","","","","","","競馬場（指定避難場所）","災害適否  地震：利用可能 津波：利用可能 洪水：未利用 土砂：利用可能","920-0033","金沢市八田町西１","076-258-5761","","","","","","",""
"1507","金沢市","36.624178","136.686892","避難所","","","","","","金沢向陽高等学校（指定避難場所）","収容人数：457
災害適否  地震：利用可能 津波：利用可能 洪水：２階以上で利用可能 土砂：利用可能","920-3121","金沢市大場町東590","076-258-2355","076-258-3592","kouyoh@m1.ishikawa-c.ed.jp","","","","標高：2.9M",""
"1508","金沢市","36.633183","136.686089","避難所","","","","","","湖南公民館（指定避難場所）","収容人数：111
災害適否  地震：利用可能 津波：利用可能 洪水：利用可能 土砂：利用可能","920-3104","金沢市八田町東1459","076-258-0023","076-258-0023","","","","","標高：1.1M",""
"1509","金沢市","36.627772","136.773839","避難所","","","","","","旧上平小学校（指定避難場所）","収容人数：161
災害適否  地震：利用不可 津波：利用可能 洪水：利用可能 土砂：利用可能","920-0122","金沢市上平町ハ２５","","","","","","","標高：93.8M",""
"1510","金沢市","36.622653","136.755593","避難所","","","","","","旧朝日小学校（指定避難場所）","収容人数：315
災害適否  地震：利用不可 津波：利用可能 洪水：利用可能 土砂：利用可能","920-0114","金沢市加賀朝日町ホ33","076-257-5563","076-257-5563","","","","","標高：161.1M",""
"1511","金沢市","36.633483","136.707671","避難所","","","","","","花園公民館（指定避難場所）","収容人数：112
災害適否  地震：利用可能 津波：利用可能 洪水：２階以上で利用可能 土砂：利用可能","920-0106","金沢市今町チ41","076-258-0006","076-258-0006","","","","","標高：3.0M",""
"1512","金沢市","36.632644","136.708209","避難所","","","","","","花園小学校（指定避難場所）","収容人数：1225
災害適否  地震：利用可能 津波：利用可能 洪水：利用可能 土砂：利用可能","920-0106","金沢市今町ヌ34","076-258-0133","076-258-3381","","","","","標高：5.0M",""
"1513","金沢市","36.615002","136.696808","避難所","","","","","","森本こどもグラウンド（指定避難場所）","災害適否  地震：利用可能 津波：利用可能 洪水：利用可能 土砂：利用可能","920-3113","金沢市塚崎町ハ85","","","","","","","",""
"1514","金沢市","36.616298","136.698479","避難所","","","","","","森本しちょうが丘公園（指定避難場所）","災害適否  地震：利用可能 津波：利用可能 洪水：未利用 土砂：利用可能","920-3116","金沢市南森本町カ1","","","","","","","",""
"1515","金沢市","36.609586","136.692535","避難所","","","","","","吉原児童公園（指定避難場所）","災害適否  地震：利用可能 津波：利用可能 洪水：利用可能 土砂：利用可能","920-3114","金沢市吉原町ヨ23","","","","","","","",""
"1516","金沢市","36.615877","136.6925","避難所","","","","","","森本市民体育館（指定避難場所）","収容人数：399
災害適否  地震：利用可能 津波：利用可能 洪水：利用可能 土砂：利用可能","920-3115","金沢市弥勒町ヨ50-1","076-257-1906","076-257-4392","","","","","標高：5.7M",""
"1517","金沢市","36.616718","136.693325","避難所","","","","","","森本公民館（指定避難場所）","収容人数：153
災害適否  地震：利用可能 津波：利用可能 洪水：利用可能 土砂：利用可能","920-3116","金沢市南森本町チ103-1","076-258-0317","076-258-0317","","","","","標高：5.6M",""
"1518","金沢市","36.607317","136.692459","避難所","","","","","","金沢北陵高等学校（指定避難場所）","収容人数：624
災害適否  地震：利用可能 津波：利用可能 洪水：利用可能 土砂：利用可能","920-3114","金沢市吉原町ワ21","076-258-1100","076-257-9090","hokurh@m1.ishikawa-c.ed.jp","","","","標高：61.7M",""
"1519","金沢市","36.615833","136.691603","避難所","","","","","","森本中学校（指定避難場所）","収容人数：3433
災害適否  地震：利用可能 津波：利用可能 洪水：利用可能 土砂：利用可能","920-3115","金沢市弥勒町ヨ22","076-258-0059","076-258-0160","","","","","標高：4.9M",""
"1520","金沢市","36.622793","136.693039","避難所","","","","","","森本小学校（指定避難場所）","収容人数：2059
災害適否  地震：利用可能 津波：利用可能 洪水：２階以上で利用可能 土砂：利用可能","920-3116","金沢市南森本町イ111","076-258-0040","076-257-3240","","","","","標高：4.5M",""
"1521","金沢市","36.562139","136.761959","避難所","","","","","","医王山公民館（指定避難場所）","収容人数：160
災害適否  地震：利用可能 津波：利用可能 洪水：利用可能 土砂：利用可能","920-1102","金沢市二俣町六字14-9","076-236-1233","076-236-1727","","","","","標高：81.4M",""
"1522","金沢市","36.555637","136.759845","避難所","","","","","","医王山中学校（指定避難場所）","収容人数：701
災害適否  地震：利用可能 津波：利用可能 洪水：利用可能 土砂：利用可能","920-1102","金沢市二俣町さ21","076-236-1013","076-236-1577","","","","","標高：117.6M",""
"1523","金沢市","36.555637","136.759845","避難所","","","","","","医王山小学校（指定避難場所）","収容人数：770
災害適否  地震：利用可能 津波：利用可能 洪水：利用可能 土砂：利用可能","920-1102","金沢市二俣町さ21","076-237-1013","076-236-1577","","","","","標高：117.6M",""
"1524","金沢市","36.545337","136.73246","避難所","","","","","","戸室スポーツ広場（指定避難場所）","災害適否  地震：利用可能 津波：利用可能 洪水：利用可能 土砂：利用可能","920-1105","金沢市戸室新保ト35","076-236-1322","076-236-1328","","","","","",""
"1525","金沢市","36.53441","136.725022","避難所","","","","","","俵公民館（指定避難場所）","収容人数：45
災害適否  地震：利用不可 津波：利用可能 洪水：利用可能 土砂：利用可能","920-1108","金沢市俵町ツ63-2","076-222-4855","076-222-4855","","","","","",""
"1526","金沢市","36.534358","136.723683","避難所","","","","","","俵芸術交流スタジオ（指定避難場所）","収容人数：695
災害適否  地震：利用可能 津波：利用可能 洪水：利用可能 土砂：利用可能","920-1108","金沢市俵町へ乙22","076-225-7612","076-225-7812","tawara-st@city.kanazawa.lg.jp","","","","標高：229.5M",""
"1527","金沢市","36.518608","136.706352","避難所","","","","","","旧東浅川小学校（指定避難場所）","収容人数：1133
災害適否  地震：利用可能 津波：利用可能 洪水：利用可能 土砂：未利用","920-1145","金沢市浅川町イ130","076-229-1015","076-229-5355","","","","","標高：67.0M",""
"1528","金沢市","36.529674","136.7061","避難所","","","","","","太陽が丘詩の木公園（指定避難場所）","災害適否  地震：利用可能 津波：利用可能 洪水：利用可能 土砂：利用可能","920-1154","金沢市太陽が丘2丁目213","","","","","","","",""
"1529","金沢市","36.5337","136.705724","避難所","","","","","","太陽が丘ゆうひみ公園（指定避難場所）","災害適否  地震：利用可能 津波：利用可能 洪水：利用可能 土砂：利用可能","920-1154","金沢市太陽が丘2丁目266","","","","","","","",""
"1530","金沢市","36.559773","136.696186","避難所","","","","","","奥卯辰山健民公園（指定避難場所）","災害適否  地震：利用可能 津波：利用可能 洪水：利用可能 土砂：利用可能","920-0033","金沢市若松町エ85","076-264-0395","","okuutatu@kishigreen.co.jp","","","","",""
"1531","金沢市","36.552388","136.68771","避難所","","","","","","医王の杜公園（指定避難場所）","災害適否  地震：利用可能 津波：利用可能 洪水：利用可能 土砂：利用可能","920-1167","金沢市もりの里1丁目1000","","","","","","","",""
"1532","金沢市","36.557408","136.689092","避難所","","","","","","若松八幡さん公園（指定避難場所）","災害適否  地震：利用可能 津波：利用可能 洪水：利用可能 土砂：利用可能","920-1165","金沢市若松町3丁目1000","","","","","","","",""
"1533","金沢市","36.550311","136.691578","避難所","","","","","","中瀬栃の木公園（指定避難場所）","災害適否  地震：利用可能 津波：利用可能 洪水：利用可能 土砂：利用可能","920-1166","金沢市上若松町1000","","","","","","","",""
"1534","金沢市","36.554254","136.691648","避難所","","","","","","若松せせらぎ公園（指定避難場所）","災害適否  地震：利用可能 津波：利用可能 洪水：利用可能 土砂：利用可能","920-1165","金沢市若松町1001","","","","","","","",""
"1535","金沢市","36.555622","136.684999","避難所","","","","","","浅野川すずかけ公園（指定避難場所）","災害適否  地震：利用可能 津波：利用可能 洪水：利用可能 土砂：利用可能","920-1167","金沢市もりの里2丁目1000","","","","","","","",""
"1536","金沢市","36.557987","136.693979","避難所","","","","","","若松町第２児童公園（指定避難場所）","災害適否  地震：利用可能 津波：利用可能 洪水：利用可能 土砂：未利用","920-1165","金沢市若松町ツ168-1","","","","","","","",""
"1537","金沢市","36.543353","136.696564","避難所","","","","","","田上中央公園（指定避難場所）","災害適否  地震：利用可能 津波：利用可能 洪水：利用可能 土砂：利用可能","920-1152","金沢市田上１丁目6","","","","","","","",""
"1538","金沢市","36.553771","136.683998","避難所","","","","","","旭町中央公園（指定避難場所）","災害適否  地震：利用可能 津波：利用可能 洪水：利用可能 土砂：利用可能","920-0941","金沢市旭町２丁目207","","","","","","","",""
"1539","金沢市","36.555602","136.681364","避難所","","","","","","旭町なかよし公園（指定避難場所）","災害適否  地震：利用可能 津波：利用可能 洪水：利用可能 土砂：利用可能","920-0941","金沢市旭町２丁目8","","","","","","","",""
"1540","金沢市","36.550845","136.687877","避難所","","","","","","旭町河畔公園（指定避難場所）","災害適否  地震：利用可能 津波：利用可能 洪水：未利用 土砂：利用可能","920-0033","金沢市旭町１丁目52","","","","","","","",""
"1541","金沢市","36.543126","136.699845","避難所","","","","","","田上新町第一児童公園（指定避難場所）","災害適否  地震：利用可能 津波：利用可能 洪水：利用可能 土砂：未利用","920-1153","金沢市田上新町234-2","","","","","","","",""
"1542","金沢市","36.545417","136.692066","避難所","","","","","","田上公民館（指定避難場所）","収容人数：157
災害適否  地震：利用可能 津波：利用可能 洪水：利用可能 土砂：利用可能","920-1151","金沢市田上の里２丁目３","076-261-1331","076-261-1516","","","","","",""
"1543","金沢市","36.546169","136.692973","避難所","","","","","","田上小学校（指定避難場所）","収容人数：1850
災害適否  地震：利用可能 津波：利用可能 洪水：利用可能 土砂：利用可能","920-1156","金沢市田上の里2丁目１","076-221-3353","076-262-2376","","","","","標高：52.0M",""
"1544","金沢市","36.557429","136.686316","避難所","","","","","","杜の里小学校（指定避難場所）","収容人数：2476
災害適否  地震：利用可能 津波：利用可能 洪水：利用可能 土砂：利用可能","920-1165","金沢市若松町3-282","076-222-1150","076-222-1151","","","","","標高：32.1M",""
"1545","金沢市","36.491809","136.753296","避難所","","","","","","芝原中学校（指定避難場所）","収容人数：875
災害適否  地震：利用可能 津波：利用可能 洪水：利用可能 土砂：利用可能","920-1122","金沢市湯涌荒屋町23","076-235-1009","076-235-1009","","","","","標高：142.5M",""
"1546","金沢市","36.491809","136.753296","避難所","","","","","","湯涌小学校（指定避難場所）","収容人数：1031
災害適否  地震：利用可能 津波：利用可能 洪水：利用可能 土砂：利用可能","920-1122","金沢市湯涌荒屋町23","076-235-1039","076-235-1009","","","","","標高：142.5M",""
"1547","金沢市","36.522795","136.684472","避難所","","","","","","犀清台児童公園（指定避難場所）","災害適否  地震：利用可能 津波：利用可能 洪水：利用可能 土砂：利用可能","920-1302","金沢市末町13の52-32","","","","","","","",""
"1548","金沢市","36.514181","136.695481","避難所","","","","","","金沢学院大学附属金沢学院高等学校（指定避難場所）","収容人数：506
災害適否  地震：利用可能 津波：利用可能 洪水：利用可能 土砂：利用可能","920-1302","金沢市末町10","076-229-1180","","","","","","",""
"1549","金沢市","36.520514","136.690984","避難所","","","","","","金沢辰巳丘高校（指定避難場所）","収容人数：1346
災害適否  地震：利用可能 津波：利用可能 洪水：利用可能 土砂：利用可能","920-1302","金沢市末町ニ18","076-229-2552","076-229-0253","tatsuh@m1.ishikawa-c.ed.jp","","","","",""
"1550","金沢市","36.514507","136.700255","避難所","","","","","","犀生中学校（指定避難場所）","収容人数：2136
災害適否  地震：利用可能 津波：利用可能 洪水：利用可能 土砂：利用可能","920-1302","金沢市末町10-4","076-229-3347","076-229-3346","","","","","標高：140.7M",""
"1551","金沢市","36.483192","136.727916","避難所","","","","","","駒帰資料保管所（旧駒帰小学校）（指定避難場所）","収容人数：278
災害適否  地震：利用不可 津波：利用可能 洪水：利用可能 土砂：未利用","920-1313","金沢市駒帰町ヌ40-1","","","","","","","",""
"1552","金沢市","36.51151","136.698041","避難所","","","","","","犀川小学校（指定避難場所）","収容人数：1631
災害適否  地震：利用可能 津波：利用可能 洪水：利用可能 土砂：利用可能","920-1302","金沢市末町2-148","076-229-0008","076-229-2306","","","","","標高：120.6M",""
"1553","金沢市","36.511658","136.685624","避難所","","","","","","内川スポーツ広場（指定避難場所）","災害適否  地震：利用可能 津波：利用可能 洪水：利用可能 土砂：未利用","920-1337","金沢市山川町1-1","076-229-4013","076-229-4021","","","","","",""
"1554","金沢市","36.509824","136.67496","避難所","","","","","","内川公民館（指定避難場所）","収容人数：110
災害適否  地震：利用可能 津波：利用可能 洪水：利用可能 土砂：利用可能","920-1346","金沢市三小牛町20-1-10","076-247-2263","076-247-2240","","","","","標高：177.8M",""
"1555","金沢市","36.504466","136.676113","避難所","","","","","","内川中学校（指定避難場所）","収容人数：706
災害適否  地震：利用可能 津波：利用可能 洪水：利用可能 土砂：利用可能","920-1341","金沢市別所町ヰ18","076-241-4039","076-241-3531","","","","","標高：219.4M",""
"1556","金沢市","36.504466","136.676113","避難所","","","","","","内川小学校（指定避難場所）","収容人数：895
災害適否  地震：利用可能 津波：利用可能 洪水：利用可能 土砂：利用可能","920-1341","金沢市別所町ヰ18","076-241-4039","076-241-3531","","","","","標高：219.4M",""
"1557","金沢市","36.52556","136.691031","避難所","","","","","","土清水たかみ公園（指定避難場所）","災害適否  地震：利用可能 津波：利用可能 洪水：利用可能 土砂：利用可能","920-0955","金沢市土清水２丁目337","","","","","","","",""
"1558","金沢市","36.528314","136.691364","避難所","","","","","","土清水なかの公園（指定避難場所）","災害適否  地震：利用可能 津波：利用可能 洪水：利用可能 土砂：利用可能","920-0955","金沢市土清水１丁目297","","","","","","","",""
"1559","金沢市","36.532092","136.690983","避難所","","","","","","土清水みすぎ公園（指定避難場所）","災害適否  地震：利用可能 津波：利用可能 洪水：利用可能 土砂：利用可能","920-0955","金沢市土清水3-66","","","","","","","",""
"1560","金沢市","36.545208","136.682984","避難所","","","","","","小立野児童公園（指定避難場所）","災害適否  地震：利用可能 津波：利用可能 洪水：利用可能 土砂：利用可能","920-0942","金沢市小立野1-729","","","","","","","",""
"1561","金沢市","36.543876","136.677121","避難所","","","","","","三口新町第３児童公園（指定避難場所）","災害適否  地震：利用可能 津波：利用可能 洪水：利用可能 土砂：利用可能","920-0944","金沢市三口新町4-266","","","","","","","",""
"1562","金沢市","36.539731","136.68081","避難所","","","","","","三口新町第２児童公園（指定避難場所）","災害適否  地震：利用可能 津波：利用可能 洪水：利用可能 土砂：利用可能","920-0944","金沢市三口新町2-145","","","","","","","",""
"1563","金沢市","36.543896","136.681155","避難所","","","","","","三口新町第１児童公園（指定避難場所）","災害適否  地震：利用可能 津波：利用可能 洪水：利用可能 土砂：利用可能","920-0944","金沢市三口新町3-294","","","","","","","",""
"1564","金沢市","36.533319","136.688818","避難所","","","","","","涌波堤公園（指定避難場所）","災害適否  地震：利用可能 津波：利用可能 洪水：利用可能 土砂：利用可能","920-0953","金沢市涌波1-199","","","","","","","",""
"1565","金沢市","36.524789","136.691267","避難所","","","","","","城東市民体育館（指定避難場所）","収容人数：500
災害適否  地震：利用可能 津波：利用可能 洪水：利用可能 土砂：利用可能","920-0955","金沢市土清水2-346","076-229-3230","076-229-5288","","","","","標高：118.1M",""
"1566","金沢市","36.537231","136.681246","避難所","","","","","","南小立野小学校（指定避難場所）","収容人数：2011
災害適否  地震：利用可能 津波：利用可能 洪水：利用可能 土砂：利用可能","920-0953","金沢市涌波2-5-1","076-261-9414","076-222-1780","","","","","標高：60.9M",""
"1567","金沢市","36.547925","136.675375","避難所","","","","","","笠舞第３児童公園（指定避難場所）","災害適否  地震：利用可能 津波：利用可能 洪水：利用可能 土砂：利用可能","920-0965","金沢市笠舞1-234","","","","","","","",""
"1568","金沢市","36.546794","136.680462","避難所","","","","","","崎浦公民館（指定避難場所）","収容人数：140
災害適否  地震：利用可能 津波：利用可能 洪水：利用可能 土砂：利用可能","920-0942","金沢市小立野2-41-36","","","","","","","標高：73.8M",""
"1569","金沢市","36.550971","136.679032","避難所","","","","","","小立野公民館（指定避難場所）","収容人数：160
災害適否  地震：利用可能 津波：利用可能 洪水：利用可能 土砂：利用可能","920-0942","金沢市小立野4-7-51","076-221-0807","076-221-0809","","","","","標高：68.0M",""
"1570","金沢市","36.556157","136.67731","避難所","","","","","","金沢美術工芸大学（指定避難場所）","収容人数：386
災害適否  地震：利用不可 津波：利用可能 洪水：利用可能 土砂：利用可能","920-0942","金沢市小立野5-11-1","076-262-3531","076-262-6594","","","","","",""
"1571","金沢市","36.55945","136.667089","避難所","","","","","","北陸学院高等学校（指定避難場所）","収容人数：605
災害適否  地震：利用可能 津波：利用可能 洪水：利用可能 土砂：利用可能","920-0938","金沢市飛梅町1-10","076-221-1944","","","","","","",""
"1572","金沢市","36.55312","136.678537","避難所","","","","","","金沢商業高等学校（指定避難場所）","収容人数：927
災害適否  地震：利用可能 津波：利用可能 洪水：利用可能 土砂：利用可能","920-0942","金沢市小立野5-4-1","076-262-8281","076-234-8101","shough@m1.ishikawa-c.ed.jp","","","","",""
"1573","金沢市","36.558063","136.668857","避難所","","","","","","紫錦台中学校（指定避難場所）","収容人数：2791
災害適否  地震：利用可能 津波：利用可能 洪水：利用可能 土砂：利用可能","920-0938","金沢市飛梅町3-30","076-262-7268","076-221-6695","","","","","標高：55.0M",""
"1574","金沢市","36.551538","136.678696","避難所","","","","","","小立野小学校（指定避難場所）","収容人数：3412
災害適否  地震：利用可能 津波：利用可能 洪水：利用可能 土砂：利用可能","920-0942","金沢市小立野4-7-7","","","","","","","標高：66.0M",""
"1575","金沢市","36.610866","136.60288","避難所","","","","","","大野町公民館（指定避難場所）","収容人数：61
災害適否  地震：利用可能 津波：利用可能 洪水：利用可能 土砂：利用可能","920-0331","金沢市大野町１丁目８−５ 大野町公民館・児童館","076-268-3896","076-268-3896","","","","","標高：3.0M",""
"1576","金沢市","36.610354","136.60336","避難所","","","","","","大野町小学校（指定避難場所）","収容人数：1142
災害適否  地震：利用可能 津波：利用可能 洪水：利用可能 土砂：利用可能","920-0231","金沢市大野町1-15","076-267-1466","076-267-7344","","","","","標高：2.4M",""
"1577","金沢市","36.607623","136.597182","避難所","","","","","","金石銭五公園（指定避難場所）","災害適否  地震：利用可能 津波：利用可能 洪水：利用可能 土砂：利用可能","920-0338","金沢市金石北2-147","","","","","","","",""
"1578","金沢市","36.608001","136.599509","避難所","","","","","","松寿荘（指定避難場所）","収容人数：536
災害適否  地震：利用可能 津波：利用可能 洪水：利用可能 土砂：利用可能","920-0338","金沢市金石北3-3-33","076-268-6757","","","","","","標高：11.0M",""
"1579","金沢市","36.604349","136.594289","避難所","","","","","","金石町公民館（指定避難場所）","収容人数：160
災害適否  地震：利用可能 津波：利用可能 洪水：利用可能 土砂：利用可能","920-0337","金沢市金石通町3-14","076-267-2774","076-267-7358","","","","","標高：4.4M",""
"1580","金沢市","36.60018","136.597524","避難所","","","","","","金石中学校（指定避難場所）","収容人数：3984
災害適否  地震：利用可能 津波：利用可能 洪水：２階以上で利用可能 土砂：利用可能","920-0335","金沢市金石東1-13-1","076-267-2245","076-267-2246","","","","","標高：1.8M",""
"1583","金沢市","36.605021","136.608341","避難所","","","","","","無量寺公園（指定避難場所）","災害適否  地震：利用可能 津波：利用可能 洪水：未利用 土砂：利用可能","920-0333","金沢市無量寺3丁目14","","","","","","","",""
"1584","金沢市","36.598012","136.603011","避難所","","","","","","城西市民体育館（指定避難場所）","収容人数：399
災害適否  地震：利用可能 津波：利用可能 洪水：利用可能 土砂：利用可能","920-0339","金沢市木曳野１丁目３","076-268-3899","076-267-7261","","","","","標高：2.1M",""
"1585","金沢市","36.59234","136.609935","避難所","","","","","","大徳公民館（指定避難場所）","収容人数：270
災害適否  地震：利用可能 津波：利用可能 洪水：２階以上で利用可能 土砂：利用可能","920-0342","金沢市畝田西1-201-1","076-268-3214","076-268-3533","","","","","標高：2.3M",""
"1586","金沢市","36.590408","136.607378","避難所","","","","","","大徳中学校（指定避難場所）","収容人数：3361
災害適否  地震：利用可能 津波：利用可能 洪水：２階以上で利用可能 土砂：利用可能","920-0352","金沢市観音堂町ト35","076-267-5027","076-267-5028","","","","","標高：3.5M",""
"1587","金沢市","36.597812","136.603864","避難所","","","","","","木曳野小学校（指定避難場所）","収容人数：2373
災害適否  地震：利用可能 津波：利用可能 洪水：利用可能 土砂：利用可能","920-0341","金沢市木曳野１丁目1","076-268-7332","076-268-7331","","","","","標高：2.3M",""
"1588","金沢市","36.589613","136.622187","避難所","","","","","","藤江北中央公園（指定避難場所）","災害適否  地震：利用可能 津波：利用可能 洪水：利用可能 土砂：利用可能","920-0345","金沢市藤江北２丁目337","","","","","","","",""
"1589","金沢市","36.591961","136.619877","避難所","","","","","","藤江北やすらぎ公園（指定避難場所）","災害適否  地震：利用可能 津波：利用可能 洪水：利用可能 土砂：利用可能","920-0345","金沢市藤江北4-446","","","","","","","",""
"1590","金沢市","36.585716","136.614206","避難所","","","","","","松村第２公園（指定避難場所）","災害適否  地震：利用可能 津波：利用可能 洪水：未利用 土砂：利用可能","920-0348","金沢市松村2丁目29","","","","","","","",""
"1591","金沢市","36.595316","136.614081","避難所","","","","","","畝田町児童公園（指定避難場所）","災害適否  地震：利用可能 津波：利用可能 洪水：未利用 土砂：利用可能","920-0344","金沢市畝田東２丁目6","","","","","","","",""
"1592","金沢市","36.596728","136.617904","避難所","","","","","","金沢西高等学校（指定避難場所）","収容人数：257
災害適否  地震：利用可能 津波：利用可能 洪水：利用可能 土砂：利用可能","920-0344","金沢市畝田東３丁目526","076-268-4321","076-268-7329","nishih@m1.ishikawa-c.ed.jp","","","","標高：2.6M",""
"1593","金沢市","36.592484","136.615654","避難所","","","","","","市立工業高等学校（指定避難場所）","収容人数：753
災害適否  地震：利用可能 津波：利用可能 洪水：利用可能 土砂：利用可能","920-0344","金沢市畝田東1-1-1","076-267-3101","076-267-3102","","","","","標高：4.0M",""
"1594","金沢市","36.591196","136.61002","避難所","","","","","","大徳小学校（指定避難場所）","収容人数：2634
災害適否  地震：利用可能 津波：利用可能 洪水：２階以上で利用可能 土砂：利用可能","920-0348","金沢市松村6-200","076-267-0564","076-268-7744","","","","","標高：2.9M",""
"1595","金沢市","36.565345","136.590491","避難所","","","","","","上安原中央公園（指定避難場所）","災害適否  地震：利用可能 津波：利用可能 洪水：利用可能 土砂：利用可能","920-0374","金沢市上安原1丁目262","","","","","","","",""
"1596","金沢市","36.561182","136.581092","避難所","","","","","","福増ゆめ公園（指定避難場所）","災害適否  地震：利用可能 津波：利用可能 洪水：利用可能 土砂：利用可能","920-0376","金沢市福増町南1310","","","","","","","",""
"1597","金沢市","36.562854","136.581809","避難所","","","","","","福増あじさい公園（指定避難場所）","災害適否  地震：利用可能 津波：利用可能 洪水：未利用 土砂：利用可能","920-0376","金沢市福増町南1247","","","","","","","",""
"1598","金沢市","36.568203","136.569794","避難所","","","","","","打木町くろまつ公園（指定避難場所）","災害適否  地震：利用可能 津波：利用可能 洪水：未利用 土砂：利用可能","920-0377","金沢市打木町東1452","","","","","","","",""
"1599","金沢市","36.569134","136.572498","避難所","","","","","","打木町東児童公園（指定避難場所）","災害適否  地震：利用可能 津波：利用可能 洪水：未利用 土砂：利用可能","920-0377","金沢市打木町東1301","","","","","","","",""
"1600","金沢市","36.568723","136.590421","避難所","","","","","","みどり第２児童公園（指定避難場所）","災害適否  地震：利用可能 津波：利用可能 洪水：利用可能 土砂：利用可能","920-0373","金沢市みどり1丁目172","","","","","","","",""
"1601","金沢市","36.567626","136.583898","避難所","","","","","","みどり庭園公園（指定避難場所）","災害適否  地震：利用可能 津波：利用可能 洪水：利用可能 土砂：利用可能","920-0373","金沢市みどり３丁目22-1","","","","","","","",""
"1602","金沢市","36.565814","136.577187","避難所","","","","","","みどり中央公園（指定避難場所）","災害適否  地震：利用可能 津波：利用可能 洪水：利用可能 土砂：利用可能","920-0373","金沢市みどり２丁目58-1","","","","","","","",""
"1603","金沢市","36.565814","136.577187","避難所","","","","","","安原中央公園（指定避難場所）","災害適否  地震：利用可能 津波：利用可能 洪水：未利用 土砂：利用可能","920-0376","金沢市福増町北744-1","","","","","","","",""
"1604","金沢市","36.570058","136.573433","避難所","","","","","","安原スポーツ広場（指定避難場所）","災害適否  地震：利用可能 津波：利用可能 洪水：利用可能 土砂：利用可能","920-0371","金沢市下安原町東1127","076-240-2098","076-240-2099","","","","","",""
"1605","金沢市","36.567918","136.580305","避難所","","","","","","安原公民館（指定避難場所）","収容人数：210
災害適否  地震：利用可能 津波：利用可能 洪水：２階以上で利用可能 土砂：利用可能","920-0376","金沢市福増町北1067","","","","","","","標高：4.1M",""
"1606","金沢市","36.565857","136.58628","避難所","","","","","","金沢龍谷高等学校（指定避難場所）","収容人数：378
災害適否  地震：利用可能 津波：利用可能 洪水：利用可能 土砂：利用可能","920-0374","金沢市上安原町169-1","076-240-7777","076-240-7781","","","","","標高：4.5M",""
"1607","金沢市","36.570274","136.584338","避難所","","","","","","緑中学校（指定避難場所）","収容人数：3150
災害適否  地震：利用可能 津波：利用可能 洪水：利用可能 土砂：利用可能","920-0373","金沢市みどり2-3","076-240-2151","076-240-2152","","","","","標高：4.6M",""
"1608","金沢市","36.566952","136.579397","避難所","","","","","","安原小学校（指定避難場所）","収容人数：2265
災害適否  地震：利用可能 津波：利用可能 洪水：２階以上で利用可能 土砂：利用可能","920-0376","金沢市福増町北1087","076-249-4471","076-249-4476","","","","","標高：4.3M",""
"1609","金沢市","36.5829","136.586688","避難所","","","","","","加賀友禅染色団地公園（指定避難場所）","災害適否  地震：利用可能 津波：利用可能 洪水：未利用 土砂：利用可能","920-0356","金沢市専光寺町ニ173-1","","","","","","","",""
"1610","金沢市","36.582069","136.580521","避難所","","","","","","専光寺五本松公園（指定避難場所）","災害適否  地震：利用可能 津波：利用可能 洪水：利用可能 土砂：利用可能","920-0356","金沢市専光寺町そ94","","","","","","","",""
"1611","金沢市","36.574707","136.602598","避難所","","","","","","西部緑地公園（指定避難場所）","災害適否  地震：利用可能 津波：利用可能 洪水：未利用 土砂：利用可能","920-0361","金沢市袋畠町南193番地","","","","","","","",""
"1612","金沢市","36.566532","136.601472","避難所","","","","","","松島町西公園（指定避難場所）","災害適否  地震：利用可能 津波：利用可能 洪水：未利用 土砂：利用可能","920-0364","金沢市松島３丁目179","","","","","","","",""
"1613","金沢市","36.566639","136.609468","避難所","","","","","","古府徳代公園（指定避難場所）","災害適否  地震：利用可能 津波：利用可能 洪水：未利用 土砂：利用可能","920-0362","金沢市古府２丁目4","","","","","","","",""
"1614","金沢市","36.57098","136.607759","避難所","","","","","","古府中央公園（指定避難場所）","災害適否  地震：利用可能 津波：利用可能 洪水：未利用 土砂：利用可能","920-0362","金沢市古府３丁目95","","","","","","","",""
"1615","金沢市","36.564237","136.60196","避難所","","","","","","松島町中央公園（指定避難場所）","災害適否  地震：利用可能 津波：利用可能 洪水：未利用 土砂：利用可能","920-0364","金沢市松島２丁目165","","","","","","","",""
"1616","金沢市","36.593358","136.582986","避難所","","","","","","健民海浜公園（指定避難場所）","災害適否  地震：利用可能 津波：利用可能 洪水：利用可能 土砂：利用可能","920-0351","金沢市普正寺町11-1-1","076-267-2266","076-267-2267","","","","","",""
"1617","金沢市","36.586264","136.579016","避難所","","","","","","専光寺ソフトボール場（指定避難場所）","災害適否  地震：利用可能 津波：利用可能 洪水：利用可能 土砂：利用可能","920-0356","金沢市専光寺町レ3-5","076-268-7090","076-267-0927","","","","","",""
"1618","金沢市","36.572815","136.597162","避難所","","","","","","二塚公民館（指定避難場所）","収容人数：109
災害適否  地震：利用可能 津波：利用可能 洪水：利用可能 土砂：利用可能","920-0367","金沢市北塚町西98","076-249-3474","076-240-4254","","","","","標高：5.0M",""
"1619","金沢市","36.570126","136.590808","避難所","","","","","","緑小学校（指定避難場所）","収容人数：2589
災害適否  地震：利用可能 津波：利用可能 洪水：利用可能 土砂：利用可能","920-0373","金沢市みどり1-166","","","","","","","標高：4.5M",""
"1620","金沢市","36.587019","136.641398","避難所","","","","","","西念町第２公園（指定避難場所）","災害適否  地震：利用可能 津波：利用可能 洪水：未利用 土砂：利用可能","920-0024","金沢市西念２丁目3101","","","","","","","",""
"1621","金沢市","36.587554","136.636842","避難所","","","","","","西念町児童公園（指定避難場所）","災害適否  地震：利用可能 津波：利用可能 洪水：利用可能 土砂：利用可能","920-0024","金沢市西念３丁目701","","","","","","","",""
"1622","金沢市","36.594693","136.639313","避難所","","","","","","南新保第２児童公園（指定避難場所）","災害適否  地震：利用可能 津波：利用可能 洪水：未利用 土砂：利用可能","920-0027","金沢市駅西新町２丁目1101","","","","","","","",""
"1623","金沢市","36.591791","136.635174","避難所","","","","","","姉妹都市公園（指定避難場所）","災害適否  地震：利用可能 津波：利用可能 洪水：利用可能 土砂：利用可能","920-0027","金沢市駅西新町３丁目","","","","","","","",""
"1624","金沢市","36.586902","136.640583","避難所","","","","","","西公民館（指定避難場所）","収容人数：143
災害適否  地震：利用可能 津波：利用可能 洪水：２階以上で利用可能 土砂：利用可能","920-0024","金沢市西念2-34-9","076-262-6176","076-262-3185","","","","","標高：5.3M",""
"1625","金沢市","36.592157","136.636518","避難所","","","","","","西小学校（指定避難場所）","収容人数：1945
災害適否  地震：利用可能 津波：利用可能 洪水：利用可能 土砂：利用可能","920-0027","金沢市駅西新町3-15-1","076-263-5338","076-263-5340","","","","","標高：4.8M",""
"1626","金沢市","36.589968","136.626399","避難所","","","","","","西都ゆめみどり公園（指定避難場所）","災害適否  地震：利用可能 津波：利用可能 洪水：利用可能 土砂：利用可能","920-8202","金沢市西都２丁目15","","","","","","","",""
"1627","金沢市","36.582982","136.636137","避難所","","","","","","駅西第４児童公園（指定避難場所）","災害適否  地震：利用可能 津波：利用可能 洪水：利用可能 土砂：利用可能","920-0025","金沢市駅西本町３丁目406","","","","","","","",""
"1628","金沢市","36.579342","136.620191","避難所","","","","","","桜田中央公園（指定避難場所）","災害適否  地震：利用可能 津波：利用可能 洪水：未利用 土砂：利用可能","920-0057","金沢市桜田町１丁目116","","","","","","","",""
"1629","金沢市","36.585438","136.626571","避難所","","","","","","北町児童公園（指定避難場所）","災害適否  地震：利用可能 津波：利用可能 洪水：利用可能 土砂：利用可能","920-0025","金沢市駅西本町6丁目403","","","","","","","",""
"1630","金沢市","36.576275","136.624909","避難所","","","","","","出雲中央公園（指定避難場所）","災害適否  地震：利用可能 津波：利用可能 洪水：未利用 土砂：利用可能","920-0056","金沢市出雲町イ418","","","","","","","",""
"1631","金沢市","36.576876","136.621285","避難所","","","","","","桜田南児童公園（指定避難場所）","災害適否  地震：利用可能 津波：利用可能 洪水：未利用 土砂：利用可能","920-0057","金沢市桜田町2丁目65","","","","","","","",""
"1632","金沢市","36.572884","136.6329","避難所","","","","","","大豆田公園（指定避難場所）","災害適否  地震：利用可能 津波：利用可能 洪水：利用可能 土砂：利用可能","921-8047","金沢市大豆田本町甲535","","","","","","","",""
"1633","金沢市","36.575542","136.615693","避難所","","","","","","示野中青島公園（指定避難場所）","災害適否  地震：利用可能 津波：利用可能 洪水：未利用 土砂：利用可能","920-0058","金沢市示野中町2-114","","","","","","","",""
"1634","金沢市","36.577935","136.617135","避難所","","","","","","示野中中央公園（指定避難場所）","災害適否  地震：利用可能 津波：利用可能 洪水：未利用 土砂：利用可能","920-0058","金沢市示野中町1-40","","","","","","","",""
"1635","金沢市","36.575211","136.631083","避難所","","","","","","若宮中央公園（指定避難場所）","災害適否  地震：利用可能 津波：利用可能 洪水：利用可能 土砂：利用可能","920-0054","金沢市若宮2-29","","","","","","","",""
"1636","金沢市","36.580988","136.607437","避難所","","","","","","示野町児童公園（指定避難場所）","災害適否  地震：利用可能 津波：利用可能 洪水：未利用 土砂：利用可能","920-0059","金沢市示野町西26","","","","","","","",""
"1637","金沢市","36.579398","136.633696","避難所","","","","","","戸板公民館（指定避難場所）","収容人数：130
災害適否  地震：利用可能 津波：利用可能 洪水：利用可能 土砂：利用可能","920-0051","金沢市戸板１丁目2","076-231-5830","076-231-5180","","","","","標高：7.0M",""
"1638","金沢市","36.585149","136.62912","避難所","","","","","","長田中学校（指定避難場所）","収容人数：3451
災害適否  地震：利用可能 津波：利用可能 洪水：利用可能 土砂：利用可能","920-0067","金沢市二宮町1-1","076-231-0035","076-231-0039","","","","","標高：6.4M",""
"1639","金沢市","36.57923","136.622833","避難所","","","","","","戸板小学校（指定避難場所）","収容人数：3032
災害適否  地震：利用可能 津波：利用可能 洪水：利用可能 土砂：利用可能","920-0068","金沢市戸板１丁目１番地","076-231-5485","076-223-0170","","","","","標高：6.6M",""
"1640","金沢市","36.574896","136.640104","避難所","","","","","","長田２丁目ひまわり公園（指定避難場所）","災害適否  地震：利用可能 津波：利用可能 洪水：未利用 土砂：利用可能","920-0043","金沢市長田2丁目9","","","","","","","",""
"1641","金沢市","36.57988","136.639932","避難所","","","","","","駅西第３児童公園（指定避難場所）","災害適否  地震：利用可能 津波：利用可能 洪水：利用可能 土砂：利用可能","920-0025","金沢市駅西本町1丁目904","","","","","","","",""
"1642","金沢市","36.582693","136.643572","避難所","","","","","","駅西中央公園（指定避難場所）","災害適否  地震：利用可能 津波：利用可能 洪水：利用可能 土砂：利用可能","920-0024","金沢市西念1丁目1101","","","","","","","",""
"1643","金沢市","36.578521","136.643274","避難所","","","","","","駅西第１児童公園（指定避難場所）","災害適否  地震：利用可能 津波：利用可能 洪水：利用可能 土砂：利用可能","920-0031","金沢市広岡2-802","","","","","","","",""
"1644","金沢市","36.575882","136.642986","避難所","","","","","","長田町公民館（指定避難場所）","収容人数：133
災害適否  地震：利用可能 津波：利用可能 洪水：利用可能 土砂：利用可能","920-0043","金沢市長田1-5-50","076-263-3900","076-263-3900","","","","","標高：9.4M",""
"1645","金沢市","36.575357","136.6421","避難所","","","","","","長田町小学校（指定避難場所）","収容人数：2096
災害適否  地震：利用可能 津波：利用可能 洪水：利用可能 土砂：利用可能","920-0043","金沢市長田1-5-40","076-231-7221","076-231-0233","","","","","標高：9.3M",""
"1646","金沢市","36.51631","136.619923","避難所","","","","","","額新町２丁目緑地（指定避難場所）","災害適否  地震：利用可能 津波：利用可能 洪水：利用可能 土砂：利用可能","921-8149","金沢市額新町2-49","","","","","","","",""
"1647","金沢市","36.520147","136.621827","避難所","","","","","","額新町１丁目緑地（指定避難場所）","災害適否  地震：利用可能 津波：利用可能 洪水：利用可能 土砂：利用可能","921-8149","金沢市額新町1-183","","","","","","","",""
"1648","金沢市","36.52077","136.625724","避難所","","","","","","光が丘１丁目児童公園（指定避難場所）","災害適否  地震：利用可能 津波：利用可能 洪水：利用可能 土砂：利用可能","921-8142","金沢市光が丘1-67","","","","","","","",""
"1649","金沢市","36.517324","136.630939","避難所","","","","","","高尾南ゆうあい公園（指定避難場所）","災害適否  地震：利用可能 津波：利用可能 洪水：利用可能 土砂：利用可能","921-8154","金沢市高尾南2-119","","","","","","","",""
"1650","金沢市","36.523355","136.622348","避難所","","","","","","馬替児童公園（指定避難場所）","災害適否  地震：利用可能 津波：利用可能 洪水：利用可能 土砂：利用可能","921-8141","金沢市馬替2-39-1","","","","","","","",""
"1651","金沢市","36.523307","136.627063","避難所","","","","","","城谷公園（指定避難場所）","災害適否  地震：利用可能 津波：利用可能 洪水：利用可能 土砂：利用可能","921-8155","金沢市高尾台4-57","","","","","","","",""
"1652","金沢市","36.515297","136.634318","避難所","","","","","","高尾第３児童公園（指定避難場所）","災害適否  地震：利用可能 津波：利用可能 洪水：利用可能 土砂：未利用","921-8154","金沢市高尾南1-165","","","","","","","",""
"1653","金沢市","36.518021","136.620199","避難所","","","","","","あすなろ公園（指定避難場所）","災害適否  地震：利用可能 津波：利用可能 洪水：利用可能 土砂：利用可能","921-8149","金沢市額新町1-26","","","","","","","",""
"1654","金沢市","36.517222","136.620341","避難所","","","","","","額新町第３児童公園（指定避難場所）","災害適否  地震：利用可能 津波：利用可能 洪水：利用可能 土砂：利用可能","921-8149","金沢市額新町2-77-1","","","","","","","",""
"1655","金沢市","36.519082","136.623734","避難所","","","","","","額新町第２公園（指定避難場所）","災害適否  地震：利用可能 津波：利用可能 洪水：利用可能 土砂：利用可能","921-8149","金沢市額新町1-218-1","","","","","","","",""
"1656","金沢市","36.522124","136.624092","避難所","","","","","","扇台公民館（指定避難場所）","収容人数：156
災害適否  地震：利用可能 津波：利用可能 洪水：利用可能 土砂：利用可能","921-8141","金沢市馬替1-29-1","076-296-8585","076-296-8588","","","","","標高：25.1M",""
"1657","金沢市","36.523109","136.624957","避難所","","","","","","扇台小学校（指定避難場所）","収容人数：2549
災害適否  地震：利用可能 津波：利用可能 洪水：利用可能 土砂：利用可能","921-8141","金沢市馬替1-34","076-298-2711","076-298-2719","","","","","標高：24.9M",""
"1658","金沢市","36.508149","136.619022","避難所","","","","","","三十苅児童公園（指定避難場所）","災害適否  地震：利用可能 津波：利用可能 洪水：未利用 土砂：利用可能","921-8131","金沢市三十苅町丙184","","","","","","","",""
"1659","金沢市","36.507467","136.615258","避難所","","","","","","三十苅中央公園（指定避難場所）","災害適否  地震：利用可能 津波：利用可能 洪水：未利用 土砂：利用可能","921-8131","金沢市三十苅町丁154","","","","","","","",""
"1660","金沢市","36.499878","136.621138","避難所","","","","","","中四十万児童公園（指定避難場所）","災害適否  地震：利用可能 津波：利用可能 洪水：利用可能 土砂：未利用","921-8133","金沢市四十万町リ部407","","","","","","","",""
"1661","金沢市","36.497739","136.619378","避難所","","","","","","四十万あいぞめ公園（指定避難場所）","災害適否  地震：利用可能 津波：利用可能 洪水：利用可能 土砂：利用可能","921-8134","金沢市南四十万1-221","","","","","","","",""
"1662","金沢市","36.503418","136.618273","避難所","","","","","","四十万中央公園（指定避難場所）","災害適否  地震：利用可能 津波：利用可能 洪水：利用可能 土砂：利用可能","921-8133","金沢市四十万町3-185","","","","","","","",""
"1663","金沢市","36.50322","136.617619","避難所","","","","","","四十万小学校（指定避難場所）","収容人数：2492
災害適否  地震：利用可能 津波：利用可能 洪水：２階以上で利用可能 土砂：利用可能","921-8135","金沢市四十万3-186","076-298-3015","076-298-3037","","","","","標高：41.0M",""
"1664","金沢市","36.509214","136.629431","避難所","","","","","","額谷運動広場（指定避難場所）","災害適否  地震：利用可能 津波：利用可能 洪水：利用可能 土砂：利用可能","921-8144","金沢市額谷町ホ2-3","","","","","","","",""
"1665","金沢市","36.513111","136.627245","避難所","","","","","","光が丘３丁目児童公園（指定避難場所）","災害適否  地震：利用可能 津波：利用可能 洪水：利用可能 土砂：利用可能","921-8142","金沢市光が丘3-19","","","","","","","",""
"1666","金沢市","36.508636","136.626197","避難所","","","","","","額谷第１児童公園（指定避難場所）","災害適否  地震：利用可能 津波：利用可能 洪水：利用可能 土砂：利用可能","921-8145","金沢市額谷2-49","","","","","","","",""
"1667","金沢市","36.508174","136.618903","避難所","","","","","","額乙丸児童公園（指定避難場所）","災害適否  地震：利用可能 津波：利用可能 洪水：未利用 土砂：利用可能","921-8146","金沢市額乙丸町ニ230","","","","","","","",""
"1668","金沢市","36.516795","136.62407","避難所","","","","","","大額２丁目公園（指定避難場所）","災害適否  地震：利用可能 津波：利用可能 洪水：利用可能 土砂：利用可能","921-8147","金沢市大額2-132","","","","","","","",""
"1669","金沢市","36.514228","136.618633","避難所","","","","","","大額１丁目公園（指定避難場所）","災害適否  地震：利用可能 津波：利用可能 洪水：利用可能 土砂：利用可能","921-8147","金沢市大額1-378","","","","","","","",""
"1670","金沢市","36.511973","136.625499","避難所","","","","","","額せせらぎ公園（指定避難場所）","災害適否  地震：利用可能 津波：利用可能 洪水：利用可能 土砂：利用可能","921-8147","金沢市大額3-237","","","","","","","",""
"1671","金沢市","36.509214","136.629431","避難所","","","","","","額谷ふれあい公園（指定避難場所）","災害適否  地震：利用可能 津波：利用可能 洪水：利用可能 土砂：利用可能","921-8144","金沢市額谷町ヌ16","","","","","","","",""
"1672","金沢市","36.516375","136.616278","避難所","","","","","","額新保中央公園（指定避難場所）","災害適否  地震：利用可能 津波：利用可能 洪水：利用可能 土砂：利用可能","921-8148","金沢市額新保2-350","","","","","","","",""
"1673","金沢市","36.516261","136.627956","避難所","","","","","","光が丘中央公園（指定避難場所）","災害適否  地震：利用可能 津波：利用可能 洪水：利用可能 土砂：利用可能","921-8142","金沢市光が丘2-105","","","","","","","",""
"1674","金沢市","36.50983","136.629437","避難所","","","","","","鶴寿園（指定避難場所）","収容人数：553
災害適否  地震：利用可能 津波：利用可能 洪水：利用可能 土砂：利用可能","921-8144","金沢市額谷町ヌ1","076-298-9355","","","","","","標高：55.2M",""
"1675","金沢市","36.509438","136.629925","避難所","","","","","","額谷ふれあい体育館（指定避難場所）","収容人数：776
災害適否  地震：利用可能 津波：利用可能 洪水：利用可能 土砂：未利用","921-8144","金沢市額谷町ヌ16","076-296-1123","076-298-1435","","","","","標高：50.7M",""
"1676","金沢市","36.510864","136.624167","避難所","","","","","","額公民館（指定避難場所）","収容人数：135
災害適否  地震：利用可能 津波：利用可能 洪水：利用可能 土砂：利用可能","921-8145","金沢市額谷3-1-1","076-296-1515","076-296-1717","","","","","標高：36.5M",""
"1677","金沢市","36.511025","136.623219","避難所","","","","","","額中学校（指定避難場所）","収容人数：3250
災害適否  地震：利用可能 津波：利用可能 洪水：２階以上で利用可能 土砂：利用可能","921-8146","金沢市額乙丸町イ7","076-298-3520","076-298-2049","","","","","標高：35.0M",""
"1678","金沢市","36.51049","136.621857","避難所","","","","","","額小学校（指定避難場所）","収容人数：2373
災害適否  地震：利用可能 津波：利用可能 洪水：２階以上で利用可能 土砂：利用可能","921-8146","金沢市額乙丸町イ41","076-298-0167","076-298-4885","","","","","標高：34.9M",""
"1679","金沢市","36.522182","136.636443","避難所","","","","","","的場公園（指定避難場所）","災害適否  地震：利用可能 津波：利用可能 洪水：利用可能 土砂：利用可能","921-8155","金沢市高尾台1-354","","","","","","","",""
"1680","金沢市","36.535364","136.623096","避難所","","","","","","横川日吉児童公園（指定避難場所）","災害適否  地震：利用可能 津波：利用可能 洪水：利用可能 土砂：利用可能","921-8163","金沢市横川1-68","","","","","","","",""
"1681","金沢市","36.52748","136.630585","避難所","","","","","","三馬第４児童公園（指定避難場所）","災害適否  地震：利用可能 津波：利用可能 洪水：利用可能 土砂：利用可能","921-8162","金沢市三馬3-325","","","","","","","",""
"1682","金沢市","36.52642","136.634763","避難所","","","","","","三馬第３児童公園（指定避難場所）","災害適否  地震：利用可能 津波：利用可能 洪水：利用可能 土砂：利用可能","921-8162","金沢市三馬1-73","","","","","","","",""
"1683","金沢市","36.52526","136.631247","避難所","","","","","","三馬第２児童公園（指定避難場所）","災害適否  地震：利用可能 津波：利用可能 洪水：利用可能 土砂：利用可能","921-8162","金沢市三馬1-229","","","","","","","",""
"1684","金沢市","36.530685","136.639181","避難所","","","","","","窪錦丘公園（指定避難場所）","災害適否  地震：利用可能 津波：利用可能 洪水：未利用 土砂：利用可能","921-8151","金沢市窪7-309","","","","","","","",""
"1685","金沢市","36.528562","136.632062","避難所","","","","","","三馬第１児童公園（指定避難場所）","災害適否  地震：利用可能 津波：利用可能 洪水：利用可能 土砂：利用可能","921-8162","金沢市三馬3-150","","","","","","","",""
"1686","金沢市","36.533786","136.630611","避難所","","","","","","久安殿屋敷公園（指定避難場所）","災害適否  地震：利用可能 津波：利用可能 洪水：未利用 土砂：利用可能","921-8164","金沢市久安2-281","","","","","","","",""
"1687","金沢市","36.532748","136.632315","避難所","","","","","","久安伏見公園（指定避難場所）","災害適否  地震：利用可能 津波：利用可能 洪水：未利用 土砂：利用可能","921-8164","金沢市久安1-489","","","","","","","",""
"1688","金沢市","36.531734","136.634945","避難所","","","","","","円光寺第２公園（指定避難場所）","災害適否  地震：利用可能 津波：利用可能 洪水：未利用 土砂：利用可能","921-8177","金沢市伏見台3-58","","","","","","","",""
"1689","金沢市","36.526924","136.639675","避難所","","","","","","窪伏見台公園（指定避難場所）","災害適否  地震：利用可能 津波：利用可能 洪水：利用可能 土砂：利用可能","921-8151","金沢市窪4-547","","","","","","","",""
"1690","金沢市","36.521475","136.630418","避難所","","","","","","高尾中央公園（指定避難場所）","災害適否  地震：利用可能 津波：利用可能 洪水：利用可能 土砂：利用可能","921-8155","金沢市高尾台3-143","","","","","","","",""
"1691","金沢市","36.525946","136.638014","避難所","","","","","","伏見台公民館（指定避難場所）","収容人数：155
災害適否  地震：利用可能 津波：利用可能 洪水：利用可能 土砂：利用可能","921-8151","金沢市窪5-675","076-243-3341","076-243-3341","","","","","標高：28.4M",""
"1692","金沢市","36.522924","136.634259","避難所","","","","","","高尾台中学校（指定避難場所）","収容人数：3844
災害適否  地震：利用可能 津波：利用可能 洪水：利用可能 土砂：利用可能","921-8155","金沢市高尾台1-128","076-298-6931","076-298-9936","","","","","標高：29.7M",""
"1693","金沢市","36.526588","136.637939","避難所","","","","","","伏見台小学校（指定避難場所）","収容人数：2574
災害適否  地震：利用可能 津波：利用可能 洪水：利用可能 土砂：利用可能","921-8151","金沢市窪5-335","076-244-5091","076-243-4484","","","","","標高：27.1M",""
"1694","金沢市","36.530407","136.656704","避難所","","","","","","大乗寺丘陵公園（指定避難場所）","災害適否  地震：利用可能 津波：利用可能 洪水：利用可能 土砂：利用可能","921-8114","金沢市長坂町","","","","","","","",""
"1695","金沢市","36.533417","136.637974","避難所","","","","","","寺地なかよし公園（指定避難場所）","災害適否  地震：利用可能 津波：利用可能 洪水：利用可能 土砂：利用可能","921-8177","金沢市伏見台2-72","","","","","","","",""
"1696","金沢市","36.535528","136.644004","避難所","","","","","","寺地みんなの広場（指定避難場所）","災害適否  地震：利用可能 津波：利用可能 洪水：利用可能 土砂：利用可能","921-8178","金沢市寺地1-39","","","","","","","",""
"1697","金沢市","36.536918","136.635895","避難所","","","","","","寺地いなほ公園（指定避難場所）","災害適否  地震：利用可能 津波：利用可能 洪水：利用可能 土砂：利用可能","921-8178","金沢市寺地2-69","","","","","","","",""
"1698","金沢市","36.539295","136.642896","避難所","","","","","","金沢南総合運動公園（指定避難場所）","災害適否  地震：利用可能 津波：利用可能 洪水：利用可能 土砂：利用可能","921-8171","金沢市富樫3丁目","","","","","","","",""
"1699","金沢市","36.528441","136.647252","避難所","","","","","","富樫公民館（指定避難場所）","収容人数：142
災害適否  地震：利用可能 津波：利用可能 洪水：利用可能 土砂：利用可能","921-8175","金沢市山科1-6-8","","","","","","","標高：36.9M",""
"1700","金沢市","36.530269","136.641566","避難所","","","","","","金沢錦丘高等学校・中学校（指定避難場所）","収容人数：1241
災害適否  地震：利用可能 津波：利用可能 洪水：２階以上で利用可能 土砂：利用可能","921-8151","金沢市窪6-218","076-241-8341","076-241-8495","","","","","",""
"1701","金沢市","36.529502","136.645546","避難所","","","","","","富樫小学校（指定避難場所）","収容人数：1877
災害適否  地震：利用可能 津波：利用可能 洪水：利用可能 土砂：利用可能","921-8175","金沢市山科3-6-60","076-243-2533","076-243-2534","","","","","標高：32.7M",""
"1702","金沢市","36.550537","136.626615","避難所","","","","","","米泉公民館（指定避難場所）","収容人数：125
災害適否  地震：利用可能 津波：利用可能 洪水：２階以上で利用可能 土砂：利用可能","921-8044","金沢市米泉町8-126","076-241-8924","076-247-1909","","","","","標高：9.6M",""
"1703","金沢市","36.549026","136.627854","避難所","","","","","","金沢伏見高等学校（指定避難場所）","収容人数：859
災害適否  地震：利用可能 津波：利用可能 洪水：利用可能 土砂：利用可能","921-8044","金沢市米泉町5-85","076-242-6175","076-242-7458","fushih@m1.ishikawa-c.ed.jp","","","","",""
"1704","金沢市","36.545708","136.628058","避難所","","","","","","米泉小学校（指定避難場所）","収容人数：2602
災害適否  地震：利用可能 津波：利用可能 洪水：２階以上で利用可能 土砂：利用可能","921-8044","金沢市米泉町4-133-2","076-242-0551","076-242-0552","","","","","標高：12.0M",""
"1705","金沢市","36.546958","136.63589","避難所","","","","","","清泉公園（指定避難場所）","災害適否  地震：利用可能 津波：利用可能 洪水：利用可能 土砂：利用可能","921-8042","金沢市泉本町1-160-6","","","","","","","",""
"1706","金沢市","36.539342","136.630113","避難所","","","","","","横川児童公園（指定避難場所）","災害適否  地震：利用可能 津波：利用可能 洪水：未利用 土砂：利用可能","921-8163","金沢市横川4-2","","","","","","","",""
"1707","金沢市","36.540812","136.640353","避難所","","","","","","有松たつあがり公園（指定避難場所）","災害適否  地震：利用可能 津波：利用可能 洪水：利用可能 土砂：利用可能","921-8161","金沢市有松3-33","","","","","","","",""
"1708","金沢市","36.54039","136.636617","避難所","","","","","","有松児童遊園（指定避難場所）","災害適否  地震：利用可能 津波：利用可能 洪水：利用可能 土砂：利用可能","921-8161","金沢市有松4-155","","","","","","","",""
"1709","金沢市","36.542105","136.634544","避難所","","","","","","三馬公民館（指定避難場所）","収容人数：135
災害適否  地震：利用可能 津波：利用可能 洪水：利用可能 土砂：利用可能","921-8164","金沢市久安6-59-1","076-243-2734","076-243-2808","","","","","標高：13.8M",""
"1710","金沢市","36.550638","136.635514","避難所","","","","","","金沢高等学校（指定避難場所）","収容人数：653
災害適否  地震：利用可能 津波：利用可能 洪水：利用可能 土砂：利用可能","921-8042","金沢市泉本町3-111","076-242-3321","076-243-7231","","","","","",""
"1711","金沢市","36.547902","136.63624","避難所","","","","","","清泉中学校（指定避難場所）","収容人数：3532
災害適否  地震：利用可能 津波：利用可能 洪水：利用可能 土砂：利用可能","921-8042","金沢市泉本町3-3","076-226-0881","076-226-0882","","","","","標高：12.1M",""
"1712","金沢市","36.543588","136.633615","避難所","","","","","","三馬小学校（指定避難場所）","収容人数：2543
災害適否  地震：利用可能 津波：利用可能 洪水：利用可能 土砂：利用可能","921-8164","金沢市久安6-154","076-243-2261","076-243-2262","","","","","標高：12.8M",""
"1713","金沢市","36.552521","136.582514","避難所","","","","","","いなほふれあい公園（指定避難場所）","災害適否  地震：利用可能 津波：利用可能 洪水：利用可能 土砂：利用可能","920-0378","金沢市いなほ1-8","","","","","","","",""
"1714","金沢市","36.563901","136.600074","避難所","","","","","","神野東公園（指定避難場所）","災害適否  地震：利用可能 津波：利用可能 洪水：未利用 土砂：利用可能","920-0365","金沢市神野町東107","","","","","","","",""
"1715","金沢市","36.547781","136.592031","避難所","","","","","","上荒屋１丁目くすのき公園（指定避難場所）","災害適否  地震：利用可能 津波：利用可能 洪水：利用可能 土砂：利用可能","921-8065","金沢市上荒屋1-346","","","","","","","",""
"1716","金沢市","36.560157","136.593297","避難所","","","","","","矢木第１児童公園（指定避難場所）","災害適否  地震：利用可能 津波：利用可能 洪水：利用可能 土砂：利用可能","921-8066","金沢市矢木3-308","","","","","","","",""
"1717","金沢市","36.553336","136.588619","避難所","","","","","","上荒屋もくれん公園（指定避難場所）","災害適否  地震：利用可能 津波：利用可能 洪水：利用可能 土砂：利用可能","921-8065","金沢市上荒屋6-446","","","","","","","",""
"1718","金沢市","36.557434","136.589472","避難所","","","","","","上荒屋にれの木公園（指定避難場所）","災害適否  地震：利用可能 津波：利用可能 洪水：利用可能 土砂：利用可能","921-8065","金沢市上荒屋5-453","","","","","","","",""
"1719","金沢市","36.550466","136.589906","避難所","","","","","","上荒屋つばき公園（指定避難場所）","災害適否  地震：利用可能 津波：利用可能 洪水：利用可能 土砂：利用可能","921-8065","金沢市上荒屋8-43","","","","","","","",""
"1720","金沢市","36.553753","136.593355","避難所","","","","","","三和公民館（指定避難場所）","収容人数：123
災害適否  地震：利用可能 津波：利用可能 洪水：利用可能 土砂：利用可能","921-8065","金沢市上荒屋4-82","076-240-7530","076-240-7530","","","","","標高：8.9M",""
"1721","金沢市","36.557951","136.596746","避難所","","","","","","三和小学校（指定避難場所）","収容人数：2372
災害適否  地震：利用可能 津波：利用可能 洪水：利用可能 土砂：利用可能","921-8066","金沢市矢木1-74","076-240-0088","076-240-0089","","","","","標高：7.6M",""
"1722","金沢市","36.552713","136.608346","避難所","","","","","","八日市出町ふるみや公園（指定避難場所）","災害適否  地震：利用可能 津波：利用可能 洪水：利用可能 土砂：利用可能","921-8063","金沢市八日市出町718","","","","","","","",""
"1723","金沢市","36.559681","136.610624","避難所","","","","","","古府町第１児童公園（指定避難場所）","災害適否  地震：利用可能 津波：利用可能 洪水：利用可能 土砂：利用可能","920-0362","金沢市古府町南851","","","","","","","",""
"1724","金沢市","36.554159","136.615462","避難所","","","","","","西金児童公園（指定避難場所）","災害適否  地震：利用可能 津波：利用可能 洪水：利用可能 土砂：利用可能","921-8055","金沢市西金沢新町256","","","","","","","",""
"1725","金沢市","36.556111","136.604723","避難所","","","","","","チカモリ遺跡公園（指定避難場所）","災害適否  地震：利用可能 津波：利用可能 洪水：利用可能 土砂：利用可能","921-8062","金沢市新保本5-47","","","","","","","",""
"1726","金沢市","36.557154","136.615849","避難所","","","","","","西部中央公園（指定避難場所）","災害適否  地震：利用可能 津波：利用可能 洪水：未利用 土砂：利用可能","921-8054","金沢市西金沢5-286","","","","","","","",""
"1727","金沢市","36.552017","136.602086","避難所","","","","","","新保本町中央公園（指定避難場所）","災害適否  地震：利用可能 津波：利用可能 洪水：利用可能 土砂：利用可能","921-8062","金沢市新保本2-502","","","","","","","",""
"1728","金沢市","36.558841","136.602695","避難所","","","","","","新保本町ふれあい公園（指定避難場所）","災害適否  地震：利用可能 津波：利用可能 洪水：利用可能 土砂：利用可能","921-8062","金沢市新保本4-70","","","","","","","",""
"1729","金沢市","36.554588","136.611535","避難所","","","","","","西金沢テニスコート（指定避難場所）","災害適否  地震：利用可能 津波：利用可能 洪水：利用可能 土砂：利用可能","921-8054","金沢市西金沢3-684","076-240-3848","076-240-0650","","","","","",""
"1730","金沢市","36.554788","136.612195","避難所","","","","","","西南部公民館（指定避難場所）","収容人数：173
災害適否  地震：利用可能 津波：利用可能 洪水：利用可能 土砂：利用可能","921-8054","金沢市西金沢3-684","076-240-8860","076-240-8960","","","","","標高：8.6M",""
"1731","金沢市","36.552698","136.606171","避難所","","","","","","西南部中学校（指定避難場所）","収容人数：3526
災害適否  地震：利用可能 津波：利用可能 洪水：利用可能 土砂：利用可能","921-8062","金沢市新保本1-149","076-249-2317","076-249-2538","","","","","標高：9.6M",""
"1732","金沢市","36.555473","136.60836","避難所","","","","","","西南部小学校（指定避難場所）","収容人数：2718
災害適否  地震：利用可能 津波：利用可能 洪水：利用可能 土砂：利用可能","921-8063","金沢市八日市出町304","076-240-2501","076-240-2502","","","","","標高：8.6M",""
"1733","金沢市","36.543631","136.608419","避難所","","","","","","八日市住吉中央公園（指定避難場所）","災害適否  地震：利用可能 津波：利用可能 洪水：利用可能 土砂：利用可能","921-8064","金沢市八日市2-608","","","","","","","",""
"1734","金沢市","36.550541","136.60987","避難所","","","","","","八日市ケヤキ児童公園（指定避難場所）","災害適否  地震：利用可能 津波：利用可能 洪水：利用可能 土砂：利用可能","921-8064","金沢市八日市5-455","","","","","","","",""
"1735","金沢市","36.547876","136.609752","避難所","","","","","","八日市ｱﾒﾘｶﾌｳ児童公園（指定避難場所）","災害適否  地震：利用可能 津波：利用可能 洪水：利用可能 土砂：利用可能","921-8064","金沢市八日市5-296","","","","","","","",""
"1736","金沢市","36.547983","136.61366","避難所","","","","","","押野松の木公園（指定避難場所）","災害適否  地震：利用可能 津波：利用可能 洪水：利用可能 土砂：利用可能","921-8056","金沢市押野3-525","","","","","","","",""
"1737","金沢市","36.546083","136.608585","避難所","","","","","","押野公民館（指定避難場所）","収容人数：154
災害適否  地震：利用可能 津波：利用可能 洪水：利用可能 土砂：利用可能","921-8064","金沢市八日市2-464","076-247-0856","076-247-9030","","","","","標高：12.7M",""
"1738","金沢市","36.54588","136.609368","避難所","","","","","","押野小学校（指定避難場所）","収容人数：2333
災害適否  地震：利用可能 津波：利用可能 洪水：利用可能 土砂：利用可能","921-8064","金沢市八日市1-176","076-241-4197","076-241-4164","","","","","標高：13.3M",""
"1739","金沢市","36.559343","136.622946","避難所","","","","","","糸田第２児童公園（指定避難場所）","災害適否  地震：利用可能 津波：利用可能 洪水：未利用 土砂：利用可能","921-8014","金沢市糸田2-207","","","","","","","",""
"1740","金沢市","36.566323","136.626834","避難所","","","","","","入江第１児童公園（指定避難場所）","災害適否  地震：利用可能 津波：利用可能 洪水：利用可能 土砂：利用可能","921-8011","金沢市入江2-250","","","","","","","",""
"1741","金沢市","36.561484","136.630172","避難所","","","","","","神田交通公園（指定避難場所）","災害適否  地震：利用可能 津波：利用可能 洪水：利用可能 土砂：利用可能","921-8013","金沢市新神田3-113","","","","","","","",""
"1742","金沢市","36.563997","136.635623","避難所","","","","","","新神田公民館（指定避難場所）","収容人数：130
災害適否  地震：利用可能 津波：利用可能 洪水：利用可能 土砂：利用可能","921-8013","金沢市新神田1-1-18","076-291-0025","076-291-0259","","","","","標高：11.0M",""
"1743","金沢市","36.565461","136.636217","避難所","","","","","","高岡中学校（指定避難場所）","収容人数：4185
災害適否  地震：利用可能 津波：利用可能 洪水：利用可能 土砂：利用可能","921-8013","金沢市新神田1-10-1","076-291-3177","076-291-3176","","","","","標高：11.9M",""
"1744","金沢市","36.564987","136.63471","避難所","","","","","","新神田小学校（指定避難場所）","収容人数：2037
災害適否  地震：利用可能 津波：利用可能 洪水：利用可能 土砂：利用可能","921-8013","金沢市新神田1-10-58","076-291-3821","076-291-3822","","","","","標高：11.1M",""
"1745","金沢市","36.55811","136.62132","避難所","","","","","","保古東公園（指定避難場所）","災害適否  地震：利用可能 津波：利用可能 洪水：未利用 土砂：利用可能","921-8052","金沢市保古1-120","","","","","","","",""
"1746","金沢市","36.570952","136.612981","避難所","","","","","","高畠第２児童公園（指定避難場所）","災害適否  地震：利用可能 津波：利用可能 洪水：未利用 土砂：利用可能","921-8001","金沢市高畠1-262","","","","","","","",""
"1747","金沢市","36.570252","136.616503","避難所","","","","","","米丸中央公園（指定避難場所）","災害適否  地震：利用可能 津波：利用可能 洪水：未利用 土砂：利用可能","921-8001","金沢市高畠1-382","","","","","","","",""
"1748","金沢市","36.562811","136.617485","避難所","","","","","","伏見川スポーツ公園（指定避難場所）","災害適否  地震：利用可能 津波：利用可能 洪水：未利用 土砂：利用可能","921-8016","金沢市東力町ハ273","","","","","","","",""
"1749","金沢市","36.561333","136.615623","避難所","","","","","","黒田児童公園（指定避難場所）","災害適否  地震：利用可能 津波：利用可能 洪水：未利用 土砂：利用可能","921-8051","金沢市黒田1-9","","","","","","","",""
"1750","金沢市","36.573664","136.622586","避難所","","","","","","玉鉾公園（指定避難場所）","災害適否  地震：利用可能 津波：利用可能 洪水：未利用 土砂：利用可能","921-8002","金沢市玉鉾2-361","","","","","","","",""
"1751","金沢市","36.563014","136.624088","避難所","","","","","","あすなろの森（指定避難場所）","災害適否  地震：利用可能 津波：利用可能 洪水：未利用 土砂：利用可能","921-8015","金沢市東力4-90","","","","","","","",""
"1752","金沢市","36.563048","136.619856","避難所","","","","","","西部市民体育会館（指定避難場所）","収容人数：1053
災害適否  地震：利用可能 津波：利用可能 洪水：２階以上で利用可能 土砂：利用可能","921-8016","金沢市東力町ハ250","076-291-6450","076-292-3381","","","","","標高：7.4M",""
"1753","金沢市","36.563213","136.619252","避難所","","","","","","西部市民憩いの家（指定避難場所）","収容人数：288
災害適否  地震：利用可能 津波：利用可能 洪水：２階以上で利用可能 土砂：利用可能","921-8016","金沢市東力町ハ256","","","","","","","",""
"1754","金沢市","36.565134","136.618279","避難所","","","","","","米丸公民館（指定避難場所）","収容人数：165
災害適否  地震：利用可能 津波：利用可能 洪水：２階以上で利用可能 土砂：利用可能","921-8005","金沢市間明町2-72","076-291-1171","076-291-1193","","","","","標高：6.2M",""
"1755","金沢市","36.565681","136.620049","避難所","","","","","","米丸小学校（指定避難場所）","収容人数：2643
災害適否  地震：利用可能 津波：利用可能 洪水：２階以上で利用可能 土砂：利用可能","921-8016","金沢市東力町ニ155","076-291-1361","076-291-1830","","","","","標高：6.5M",""
"1756","金沢市","36.632198","136.664193","避難所","","","","","","こなん水辺公園（指定避難場所）","災害適否  地震：利用可能 津波：利用可能 洪水：未利用 土砂：利用可能","920-0209","金沢市東蚊爪町マ33-1","","","","","","","",""
"1757","金沢市","36.623032","136.666628","避難所","","","","","","瑞樹西公園（指定避難場所）","災害適否  地震：利用可能 津波：利用可能 洪水：未利用 土砂：利用可能","920-0201","金沢市みずき4-247","","","","","","","",""
"1758","金沢市","36.635827","136.648024","避難所","","","","","","湊２丁目水鳥公園（指定避難場所）","災害適否  地震：利用可能 津波：利用可能 洪水：未利用 土砂：利用可能","920-0211","金沢市湊2-90-1","","","","","","","",""
"1759","金沢市","36.634949","136.648888","避難所","","","","","","みなと新婚の森（指定避難場所）","災害適否  地震：利用可能 津波：利用可能 洪水：未利用 土砂：利用可能","920-0211","金沢市湊2-123","","","","","","","",""
"1760","金沢市","36.621887","136.671944","避難所","","","","","","瑞樹中央公園（指定避難場所）","災害適否  地震：利用可能 津波：利用可能 洪水：利用可能 土砂：利用可能","920-0201","金沢市みずき2-262","","","","","","","",""
"1761","金沢市","36.640037","136.657535","避難所","","","","","","湊１丁目公園（指定避難場所）","災害適否  地震：利用可能 津波：利用可能 洪水：未利用 土砂：利用可能","920-0211","金沢市湊1-118-1","","","","","","","",""
"1762","金沢市","36.617921","136.666611","避難所","","","","","","木越運動公園（指定避難場所）","災害適否  地震：利用可能 津波：利用可能 洪水：利用可能 土砂：利用可能","920-0202","金沢市木越3-99","","","","","","","",""
"1763","金沢市","36.619489","136.667355","避難所","","","","","","木越中央公園（指定避難場所）","災害適否  地震：利用可能 津波：利用可能 洪水：未利用 土砂：利用可能","920-0202","金沢市木越2-1","","","","","","","",""
"1764","金沢市","36.624427","136.653112","避難所","","","","","","大浦公民館（指定避難場所）","収容人数：155
災害適否  地震：利用可能 津波：利用可能 洪水：２階以上で利用可 土砂：利用可能","920-0205","金沢市大浦町ヌ93-1","076-238-5271","076-237-9360","","","","","標高：1.0M",""
"1765","金沢市","36.623286","136.653281","避難所","","","","","","大浦小学校（指定避難場所）","収容人数：2141
災害適否  地震：利用可能 津波：利用可能 洪水：２階以上で利用可能 土砂：利用可能","920-0205","金沢市大浦町ヌ87","076-238-2025","076-237-1432","","","","","標高：0.9M",""
"1766","金沢市","36.602243","136.651887","避難所","","","","","","松寺中央公園（指定避難場所）","災害適否  地震：利用可能 津波：利用可能 洪水：未利用 土砂：利用可能","920-0011","金沢市松寺町子83-1","","","","","","","",""
"1767","金沢市","36.598406","136.657434","避難所","","","","","","城北市民運動公園（指定避難場所）","災害適否  地震：利用可能 津波：利用可能 洪水：未利用 土砂：利用可能","920-0012","金沢市磯部町ニ25-1","","","","","","","",""
"1768","金沢市","36.60149","136.655867","避難所","","","","","","城北市民テニスコート（指定避難場所）","災害適否  地震：利用可能 津波：利用可能 洪水：未利用 土砂：利用可能","920-0011","金沢市松寺町酉90-1","","","","","","","",""
"1769","金沢市","36.603901","136.651956","避難所","","","","","","松寺公民館（指定避難場所）","収容人数：116
災害適否  地震：利用可能 津波：利用可能 洪水：２階以上で利用可能 土砂：利用可能","920-0011","金沢市松寺町丑42","076-238-1020","076-238-1020","","","","","標高：4.4M",""
"1770","金沢市","36.625318","136.631287","避難所","","","","","","木谷公園（指定避難場所）","災害適否  地震：利用可能 津波：利用不可 洪水：利用可能 土砂：利用可能","920-0226","金沢市粟崎町リ1-1","","","","","","","",""
"1771","金沢市","36.633997","136.621674","避難所","","","","","","粟崎町４丁目児童公園（指定避難場所）","災害適否  地震：利用可能 津波：利用可能 洪水：利用可能 土砂：利用可能","920-0226","金沢市粟崎町4-6","","","","","","","",""
"1772","金沢市","36.626812","136.62147","避難所","","","","","","粟崎第１公園（指定避難場所）","災害適否  地震：利用可能 津波：利用可能 洪水：利用可能 土砂：利用可能","920-0226","金沢市粟崎町3-242","","","","","","","",""
"1773","金沢市","36.627968","136.626062","避難所","","","","","","粟崎中央公園（指定避難場所）","災害適否  地震：利用可能 津波：利用可能 洪水：利用可能 土砂：利用可能","920-0226","金沢市粟崎町2-247","","","","","","","",""
"1774","金沢市","36.625676","136.627924","避難所","","","","","","粟崎公民館（指定避難場所）","収容人数：116
災害適否  地震：利用可能 津波：利用可能 洪水：利用可能 土砂：利用可能","920-0226","金沢市粟崎町1-3","076-238-2632","076-238-2631","","","","","標高：11.1M",""
"1775","金沢市","36.621142","136.624743","避難所","","","","","","粟崎小学校（指定避難場所）","収容人数：1926
災害適否  地震：利用可能 津波：利用可能 洪水：利用可能 土砂：利用可能","920-0226","金沢市粟崎町ヘ78","076-238-2234","076-238-2206","","","","","標高：6.7M",""
"1776","金沢市","36.628487","136.620258","避難所","","","","","","ものづくり会館（指定避難場所）","収容人数：274
災害適否  地震：利用可能 津波：利用可能 洪水：利用可能 土砂：利用可能","920-0226","金沢市粟崎町4-80-1","076-255-1518","076-255-1519","","","","","標高：20.5M",""
"1777","金沢市","36.625082","136.635885","避難所","","","","","","湊３丁目公園（指定避難場所）","災害適否  地震：利用可能 津波：利用可能 洪水：未利用 土砂：利用可能","920-0211","金沢市湊3-19-1","","","","","","","",""
"1778","金沢市","36.599801","136.626674","避難所","","","","","","大友なぎさ公園（指定避難場所）","災害適否  地震：利用可能 津波：利用可能 洪水：利用可能 土砂：利用可能","920-8205","金沢市大友1-148","","","","","","","",""
"1779","金沢市","36.59729","136.621849","避難所","","","","","","鞍月磯のひろば公園（指定避難場所）","災害適否  地震：利用可能 津波：利用可能 洪水：利用可能 土砂：利用可能","920-8203","金沢市鞍月4-53","","","","","","","",""
"1780","金沢市","36.599216","136.620719","避難所","","","","","","鞍月広場（指定避難場所）","災害適否  地震：利用可能 津波：利用可能 洪水：未利用 土砂：利用可能","920-8203","金沢市鞍月4-21","","","","","","","",""
"1781","金沢市","36.603182","136.620553","避難所","","","","","","戸水船のひろば公園（指定避難場所）","災害適否  地震：利用可能 津波：利用可能 洪水：未利用 土砂：利用可能","920-8204","金沢市戸水1-400","","","","","","","",""
"1782","金沢市","36.615422","136.633795","避難所","","","","","","直江北公園（指定避難場所）","災害適否  地震：利用可能 津波：利用可能 洪水：未利用 土砂：利用可能","920-8218","金沢市直江北1-176","","","","","","","",""
"1783","金沢市","36.608193","136.62383","避難所","","","","","","戸水公園（指定避難場所）","災害適否  地震：利用可能 津波：利用可能 洪水：未利用 土砂：利用可能","920-0211","金沢市湊4-62","","","","","","","",""
"1784","金沢市","36.610748","136.634678","避難所","","","","","","鞍月中央公園（指定避難場所）","災害適否  地震：利用可能 津波：利用可能 洪水：未利用 土砂：利用可能","920-8216","金沢市直江町ト37-9","","","","","","","",""
"1785","金沢市","36.602945","136.632811","避難所","","","","","","鞍月公民館（指定避難場所）","収容人数：195
災害適否  地震：利用可能 津波：利用可能 洪水：利用可能 土砂：利用可能","920-8216","金沢市直江南1-1","","","","","","","標高：2.9M",""
"1786","金沢市","36.60993","136.62809","避難所","","","","","","港中学校（指定避難場所）","収容人数：3122
災害適否  地震：利用可能 津波：利用可能 洪水：２階以上で利用可能 土砂：利用可能","920-8217","金沢市近岡町217","076-238-5663","076-238-4833","","","","","標高：2.0M",""
"1787","金沢市","36.601739","136.632682","避難所","","","","","","鞍月小学校（指定避難場所）","収容人数：1926
災害適否  地震：利用可能 津波：利用可能 洪水：利用可能 土砂：利用可能","920-0064","金沢市南新保町リ27-1","","","","","","","標高：3.0M",""
"1788","金沢市","36.622473","136.634544","避難所","","","","","","北間町公園（指定避難場所）","災害適否  地震：利用可能 津波：利用可能 洪水：未利用 土砂：利用可能","920-0212","金沢市北間町ホ161","","","","","","","",""
"1789","金沢市","36.608029","136.639865","避難所","","","","","","三口町第１児童公園（指定避難場所）","災害適否  地震：利用可能 津波：利用可能 洪水：未利用 土砂：利用可能","920-0018","金沢市三口町火237","","","","","","","",""
"1790","金沢市","36.633532","136.646544","避難所","","","","","","湊運動公園（指定避難場所）","災害適否  地震：利用可能 津波：利用可能 洪水：未利用 土砂：利用可能","920-0211","金沢市湊2-86-1","","","","","","","",""
"1791","金沢市","36.621146","136.637971","避難所","","","","","","北間町西公園（指定避難場所）","災害適否  地震：利用可能 津波：利用可能 洪水：未利用 土砂：利用可能","920-0212","金沢市北間町ハ93-1","","","","","","","",""
"1792","金沢市","36.635104","136.646919","避難所","","","","","","湊２丁目釣公園（指定避難場所）","災害適否  地震：利用可能 津波：利用可能 洪水：未利用 土砂：利用可能","920-0211","金沢市湊2-34-1","","","","","","","",""
"1793","金沢市","36.611265","136.640257","避難所","","","","","","弓取町児童公園（指定避難場所）","災害適否  地震：利用可能 津波：利用可能 洪水：未利用 土砂：利用可能","920-0215","金沢市弓取町172","","","","","","","",""
"1794","金沢市","36.614813","136.639994","避難所","","","","","","浅野川市民体育館（指定避難場所）","収容人数：404
災害適否  地震：利用可能 津波：利用可能 洪水：未利用 土砂：利用可能","920-0213","金沢市大河端町西1-96","076-238-0277","076-239-2303","","","","","標高：1.4M",""
"1795","金沢市","36.615368","136.639554","避難所","","","","","","浅野川公民館（指定避難場所）","収容人数：120
災害適否  地震：利用可能 津波：利用可能 洪水：２階以上で利用可能 土砂：利用可能","920-0213","金沢市大河端町西１丁目96","076-238-2100","076-238-2100","","","","","標高：1.5M",""
"1796","金沢市","36.621056","136.641726","避難所","","","","","","浅野川小学校（指定避難場所）","収容人数：1830
災害適否  地震：利用可能 津波：利用可能 洪水：２階以上で利用可能 土砂：利用可能","920-0207","金沢市須崎町チ42","076-238-2034","076-237-1432","","","","","標高：2.1M",""
"1797","金沢市","36.60046","136.646879","避難所","","","","","","諸江町下丁ふれあい公園（指定避難場所）","災害適否  地震：利用可能 津波：利用可能 洪水：未利用 土砂：利用可能","920-0014","金沢市諸江町下丁262-1","","","","","","","",""
"1798","金沢市","36.586254","136.649441","避難所","","","","","","北安江２丁目公園（指定避難場所）","災害適否  地震：利用可能 津波：利用可能 洪水：未利用 土砂：利用可能","920-0022","金沢市北安江2-1408-2","","","","","","","",""
"1799","金沢市","36.602437","136.639644","避難所","","","","","","割出町公園（指定避難場所）","災害適否  地震：利用可能 津波：利用可能 洪水：未利用 土砂：利用可能","920-0062","金沢市割出町418-1","","","","","","","",""
"1800","金沢市","36.585538","136.646734","避難所","","","","","","駅西第２児童公園（指定避難場所）","災害適否  地震：利用可能 津波：利用可能 洪水：未利用 土砂：利用可能","920-0022","金沢市北安江3-1201","","","","","","","",""
"1801","金沢市","36.606011","136.638272","避難所","","","","","","問屋町緑地（指定避難場所）","災害適否  地震：利用可能 津波：利用可能 洪水：未利用 土砂：利用可能","920-0061","金沢市問屋町1-61","","","","","","","",""
"1802","金沢市","36.60776","136.639283","避難所","","","","","","問屋児童公園（指定避難場所）","災害適否  地震：利用可能 津波：利用可能 洪水：未利用 土砂：利用可能","920-0061","金沢市問屋町2-117-1","","","","","","","",""
"1804","金沢市","36.593033","136.642032","避難所","","","","","","諸江児童公園（指定避難場所）","災害適否  地震：利用可能 津波：利用可能 洪水：未利用 土砂：利用可能","920-0014","金沢市諸江町2815","","","","","","","",""
"1805","金沢市","36.590675","136.641501","避難所","","","","","","諸江公民館（指定避難場所）","収容人数：173
災害適否  地震：利用可能 津波：利用可能 洪水：２階以上で利用可能 土砂：利用可能","920-0014","金沢市諸江町29-1","076-263-1630","076-224-6884","","","","","標高：5.4M",""
"1806","金沢市","36.602799","136.648818","避難所","","","","","","浅野川中学校（指定避難場所）","収容人数：3627
災害適否  地震：利用可能 津波：利用可能 洪水：２階以上で利用可能 土砂：利用可能","920-0014","金沢市諸江町下丁388","076-237-7352","076-237-7351","","","","","標高：4.0M",""
"1807","金沢市","36.589094","136.64766","避難所","","","","","","諸江町小学校（指定避難場所）","収容人数：2583
災害適否  地震：利用可能 津波：利用可能 洪水：２階以上で利用可能 土砂：利用可能","920-0022","金沢市北安江2-25-1","076-231-7389","076-233-1284","","","","","標高：5.2M",""
"1809","金沢市","36.579738","136.696883","避難所","","","","","","御所さくら公園（指定避難場所）","災害適否  地震：利用可能 津波：利用可能 洪水：利用可能 土砂：利用可能","920-0813","金沢市御所町1-407-2","","","","","","","",""
"1810","金沢市","36.581108","136.699941","避難所","","","","","","御所ひがし公園（指定避難場所）","災害適否  地震：利用可能 津波：利用可能 洪水：利用可能 土砂：利用可能","920-0813","金沢市御所町2-172","","","","","","","",""
"1811","金沢市","36.581918","136.697334","避難所","","","","","","御所にし公園（指定避難場所）","災害適否  地震：利用可能 津波：利用可能 洪水：利用可能 土砂：利用可能","920-0813","金沢市御所町2-189","","","","","","","",""
"1812","金沢市","36.580781","136.692308","避難所","","","","","","御所かつら公園（指定避難場所）","災害適否  地震：利用可能 津波：利用可能 洪水：利用可能 土砂：利用可能","920-0813","金沢市御所町1-42","","","","","","","",""
"1813","金沢市","36.573406","136.704324","避難所","","","","","","山王町第４児童公園（指定避難場所）","災害適否  地震：利用可能 津波：利用可能 洪水：利用可能 土砂：利用可能","920-0821","金沢市山王町1-394","","","","","","","",""
"1814","金沢市","36.575947","136.696798","避難所","","","","","","山王町第２児童公園（指定避難場所）","災害適否  地震：利用可能 津波：利用可能 洪水：利用可能 土砂：利用可能","920-0821","金沢市山王町2-168","","","","","","","",""
"1815","金沢市","36.567611","136.689245","避難所","","","","","","千寿閣（指定避難場所）","収容人数：289
災害適否  地震：利用可能 津波：利用可能 洪水：利用可能 土砂：利用可能","920-0822","金沢市東長江町辺2-1","076-222-0008","","","","","","標高：122.0M",""
"1816","金沢市","36.572631","136.705604","避難所","","","","","","夕日寺公民館（指定避難場所）","収容人数：147
災害適否  地震：利用可能 津波：利用可能 洪水：利用可能 土砂：利用可能","920-0823","金沢市夕日寺町ロ35","076-251-0027","076-251-1266","","","","","標高：48.7M",""
"1817","金沢市","36.577554","136.692377","避難所","","","","","","夕日寺小学校（指定避難場所）","収容人数：2220
災害適否  地震：利用可能 津波：利用可能 洪水：利用可能 土砂：未利用","920-0822","金沢市東長江町に17","076-252-4471","076-252-8634","","","","","標高：20.6M",""
"1818","金沢市","36.601972","136.684899","避難所","","","","","","法光寺運動広場（指定避難場所）","災害適否  地震：利用可能 津波：利用可能 洪水：利用可能 土砂：利用可能","920-3132","金沢市法光寺町ト11-2","","","","","","","",""
"1819","金沢市","36.611308","136.67909","避難所","","","","","","福久南ほたる公園（指定避難場所）","災害適否  地震：利用可能 津波：利用可能 洪水：利用可能 土砂：利用可能","920-3122","金沢市福久町ヘ47-1","","","","","","","",""
"1820","金沢市","36.617294","136.679416","避難所","","","","","","福久中央公園（指定避難場所）","災害適否  地震：利用可能 津波：利用可能 洪水：未利用 土砂：利用可能","920-3126","金沢市福久1-78","","","","","","","",""
"1821","金沢市","36.619418","136.681944","避難所","","","","","","福久かねと公園（指定避難場所）","災害適否  地震：利用可能 津波：利用可能 洪水：未利用 土砂：利用可能","920-3126","金沢市福久2-131","","","","","","","",""
"1822","金沢市","36.606725","136.677289","避難所","","","","","","横枕はすの里公園（指定避難場所）","災害適否  地震：利用可能 津波：利用可能 洪水：未利用 土砂：利用可能","920-3135","金沢市横枕町ハ80-1","","","","","","","",""
"1823","金沢市","36.614292","136.678494","避難所","","","","","","福久わんぱく公園（指定避難場所）","災害適否  地震：利用可能 津波：利用可能 洪水：未利用 土砂：利用可能","920-3122","金沢市福久町ヲ115","","","","","","","",""
"1824","金沢市","36.616365","136.685436","避難所","","","","","","荒屋八幡公園（指定避難場所）","災害適否  地震：利用可能 津波：利用可能 洪水：未利用 土砂：利用可能","920-3124","金沢市荒屋1-96","","","","","","","",""
"1825","金沢市","36.604661","136.681986","避難所","","","","","","法光寺ふれあい公園（指定避難場所）","災害適否  地震：利用可能 津波：利用可能 洪水：利用可能 土砂：利用可能","920-3132","金沢市法光寺町124-4","","","","","","","",""
"1826","金沢市","36.601998","136.673012","避難所","","","","","","疋田中央公園（指定避難場所）","災害適否  地震：利用可能 津波：利用可能 洪水：未利用 土砂：利用可能","920-0003","金沢市疋田1-187","","","","","","","",""
"1827","金沢市","36.604676","136.672786","避難所","","","","","","東インター公園（指定避難場所）","災害適否  地震：利用可能 津波：利用可能 洪水：未利用 土砂：利用可能","920-0003","金沢市疋田3-65","","","","","","","",""
"1828","金沢市","36.605795","136.674127","避難所","","","","","","千坂公民館（指定避難場所）","収容人数：157
災害適否  地震：利用可能 津波：利用可能 洪水：２階以上で利用可能 土砂：利用可能","920-0002","金沢市千木1-119","076-257-0670","076-257-0670","","","","","標高：4.8M",""
"1829","金沢市","36.605736","136.674977","避難所","","","","","","千坂小学校（指定避難場所）","収容人数：2159
災害適否  地震：利用可能 津波：利用可能 洪水：２階以上で利用可能 土砂：利用可能","920-0002","金沢市千木1-125","076-258-1270","076-258-0378","","","","","標高：5.0M",""
"1830","金沢市","36.589775","136.673806","避難所","","","","","","城北中央公園（指定避難場所）","災害適否  地震：利用可能 津波：利用可能 洪水：未利用 土砂：利用可能","920-0811","金沢市小坂町西8-6","","","","","","","",""
"1831","金沢市","36.585799","136.679382","避難所","","","","","","小坂白蓮公園（指定避難場所）","災害適否  地震：利用可能 津波：利用可能 洪水：未利用 土砂：利用可能","920-0811","金沢市小坂南589","","","","","","","",""
"1832","金沢市","36.586637","136.666432","避難所","","","","","","神宮寺運動公園（指定避難場所）","災害適否  地震：利用可能 津波：利用可能 洪水：未利用 土砂：利用可能","920-0806","金沢市神宮寺3-123","","","","","","","",""
"1833","金沢市","36.587526","136.668018","避難所","","","","","","神宮寺桜児童公園（指定避難場所）","災害適否  地震：利用可能 津波：利用可能 洪水：未利用 土砂：利用可能","920-0806","金沢市神宮寺2-326","","","","","","","",""
"1834","金沢市","36.598673","136.689167","避難所","","","","","","神谷内児童公園（指定避難場所）","災害適否  地震：利用可能 津波：利用可能 洪水：利用可能 土砂：未利用","920-0801","金沢市神谷内町チ204-1","","","","","","","",""
"1835","金沢市","36.593429","136.670853","避難所","","","","","","東金沢スポーツ広場（指定避難場所）","災害適否  地震：利用可能 津波：利用可能 洪水：未利用 土砂：利用可能","920-0802","金沢市三池町240-1","076-252-0318","076-253-3552","","","","","",""
"1836","金沢市","36.593443","136.675689","避難所","","","","","","小坂公民館（指定避難場所）","収容人数：112
災害適否  地震：利用可能 津波：利用可能 洪水：２階以上で利用可能 土砂：利用可能","920-0811","金沢市小坂町北312","076-252-3067","076-252-8425","","","","","標高：8.6M",""
"1837","金沢市","36.585023","136.682477","避難所","","","","","","星稜高等学校（指定避難場所）","収容人数：1386
災害適否  地震：利用可能 津波：利用可能 洪水：２階以上で利用可能 土砂：未利用","920-0811","金沢市小坂町南206","076-252-2237","076-252-9988","","","","","",""
"1838","金沢市","36.595253","136.67622","避難所","","","","","","北鳴中学校（指定避難場所）","収容人数：3332
災害適否  地震：利用可能 津波：利用可能 洪水：２階以上で利用可能 土砂：利用可能","920-0811","金沢市小坂町北95","076-251-7540","076-251-4318","","","","","標高：8.5M",""
"1839","金沢市","36.589766","136.677293","避難所","","","","","","小坂小学校（指定避難場所）","収容人数：2419
災害適否  地震：利用可能 津波：利用可能 洪水：利用可能 土砂：利用可能","920-0811","金沢市小坂町中142","076-252-6386","076-252-0870","","","","","標高：12.8M",""
"1840","金沢市","36.570976","136.67799","避難所","","","","","","卯辰山公園（指定避難場所）","災害適否  地震：利用可能 津波：利用可能 洪水：利用可能 土砂：利用可能","920-0832","金沢市卯辰町","","","","","","","",""
"1841","金沢市","36.577054","136.679932","避難所","","","","","","鳴和台市民公園（指定避難場所）","災害適否  地震：利用可能 津波：利用可能 洪水：利用可能 土砂：未利用","920-0815","金沢市鳴和台285","","","","","","","",""
"1842","金沢市","36.580854","136.67909","避難所","","","","","","鳴和台桜丘公園（指定避難場所）","災害適否  地震：利用可能 津波：利用可能 洪水：利用可能 土砂：未利用","920-0815","金沢市鳴和台20","","","","","","","",""
"1843","金沢市","36.580195","136.678033","避難所","","","","","","鳴和憩いの広場（指定避難場所）","災害適否  地震：利用可能 津波：利用可能 洪水：利用可能 土砂：未利用","920-0814","金沢市鳴和町タ175","","","","","","","",""
"1844","金沢市","36.582969","136.67041","避難所","","","","","","小金町公園（指定避難場所）","災害適否  地震：利用可能 津波：利用可能 洪水：利用可能 土砂：利用可能","920-0805","金沢市小金町183","","","","","","","",""
"1845","金沢市","36.577076","136.679031","避難所","","","","","","鳴和台市民体育会館（指定避難場所）","収容人数：1397
災害適否  地震：利用可能 津波：利用可能 洪水：利用可能 土砂：未利用","920-0815","金沢市鳴和台285","076-251-3963","076-251-2516","","","","","標高：50.9M",""
"1846","金沢市","36.587548","136.669906","避難所","","","","","","城北市民体育館（指定避難場所）","収容人数：330
災害適否  地震：利用可能 津波：利用可能 洪水：利用可能 土砂：利用可能","920-0804","金沢市鳴和2-10-44","076-251-0853","076-253-3556","","","","","標高：8.6M",""
"1847","金沢市","36.579432","136.669058","避難所","","","","","","森山公民館（指定避難場所）","収容人数：134
災害適否  地震：利用可能 津波：利用可能 洪水：利用可能 土砂：利用可能","920-0843","金沢市森山2-11-13","076-252-6873","076-252-6891","","","","","標高：12.4M",""
"1848","金沢市","36.583607","136.678677","避難所","","","","","","金沢桜丘高校（指定避難場所）","収容人数：948
災害適否  地震：利用可能 津波：利用可能 洪水：利用可能 土砂：利用可能","920-0818","金沢市大樋町16-1","076-252-1225","076-252-1643","","","","","",""
"1849","金沢市","36.586661","136.671389","避難所","","","","","","鳴和中学校（指定避難場所）","収容人数：3712
災害適否  地震：利用可能 津波：利用可能 洪水：利用可能 土砂：利用可能","920-0804","金沢市鳴和2-10-60","076-252-5228","076-252-5229","","","","","標高：9.6M",""
"1850","金沢市","36.57861","136.667744","避難所","","","","","","森山町小学校（指定避難場所）","収容人数：2510
災害適否  地震：利用可能 津波：利用可能 洪水：利用可能 土砂：利用可能","920-0843","金沢市森山2-13-50","076-252-6251","076-252-6252","","","","","標高：11.5M",""
"1851","金沢市","36.580636","136.663238","避難所","","","","","","元町第３児童公園（指定避難場所）","災害適否  地震：利用可能 津波：利用可能 洪水：未利用 土砂：利用可能","920-0842","金沢市元町2-137","","","","","","","",""
"1852","金沢市","36.584503","136.657506","避難所","","","","","","浅野本町第３児童公園（指定避難場所）","災害適否  地震：利用可能 津波：利用可能 洪水：未利用 土砂：利用可能","920-0848","金沢市京町59","","","","","","","",""
"1853","金沢市","36.584354","136.660891","避難所","","","","","","浅野本町第２児童公園（指定避難場所）","災害適否  地震：利用可能 津波：利用可能 洪水：未利用 土砂：利用可能","920-0841","金沢市浅野本町2-125","","","","","","","",""
"1854","金沢市","36.586739","136.665312","避難所","","","","","","浅野町公民館（指定避難場所）","収容人数：113
災害適否  地震：利用可能 津波：利用可能 洪水：２階以上で利用可能 土砂：利用可能","920-0807","金沢市乙丸町甲161","076-251-1637","076-251-4008","","","","","標高：7.4M",""
"1855","金沢市","36.581731","136.658818","避難所","","","","","","浅野町小学校（指定避難場所）","収容人数：1591
災害適否  地震：利用可能 津波：利用可能 洪水：２階以上で利用可能 土砂：利用可能","920-0848","金沢市京町35-1","076-252-3573","076-252-0444","","","","","標高：8.0M",""
"1857","金沢市","36.572069","136.671863","避難所","","","","","","子来町さくら公園（指定避難場所）","災害適否  地震：利用可能 津波：利用可能 洪水：利用可能 土砂：利用可能","920-0836","金沢市子来町33","","","","","","","",""
"1858","金沢市","36.572695","136.669259","避難所","","","","","","子来町緑地（指定避難場所）","災害適否  地震：利用可能 津波：利用可能 洪水：利用可能 土砂：利用可能","920-0836","金沢市子来町2-1","","","","","","","",""
"1860","金沢市","36.574477","136.665101","避難所","","","","","","馬場公民館（指定避難場所）","収容人数：130
災害適否  地震：利用可能 津波：利用可能 洪水：２階以上で利用可能 土砂：利用可能","920-0831","金沢市東山3-9-35","076-252-0705","076-252-0726","","","","","標高：12.2M",""
"1861","金沢市","36.574681","136.665491","避難所","","","","","","馬場小学校（指定避難場所）","収容人数：1561
災害適否  地震：利用可能 津波：利用可能 洪水：２階以上で利用可能 土砂：利用可能","920-0831","金沢市東山3-9-30","076-251-7826","076-251-7827","","","","","標高：12.6M",""
"1862","金沢市","36.575809","136.657412","避難所","","","","","","瓢箪町公民館（指定避難場所）","収容人数：134
災害適否  地震：利用可能 津波：利用可能 洪水：利用可能 土砂：利用可能","920-0901","金沢市彦三町2-10-5","076-221-1476","076-221-1522","","","","","標高：12.2M",""
"1863","金沢市","36.576886","136.657155","避難所","","","","","","明成小学校（指定避難場所）","収容人数：1162
災害適否  地震：利用可能 津波：利用可能 洪水：利用可能 土砂：利用可能","920-0845","金沢市瓢箪町5-48","076-231-7438","076-231-5599","","","","","標高：11.0M",""
"1864","金沢市","36.581022","136.650969","避難所","","","","","","堀川新町公園（指定避難場所）","災害適否  地震：利用可能 津波：利用可能 洪水：利用可能 土砂：利用可能","920-0849","金沢市堀川新町70-1","","","","","","","",""
"1865","金沢市","36.577643","136.652321","避難所","","","","","","此花町緑地（指定避難場所）","災害適否  地震：利用可能 津波：利用可能 洪水：利用可能 土砂：利用可能","920-0852","金沢市此花町149-1","","","","","","","",""
"1866","金沢市","36.577133","136.651927","避難所","","","","","","此花公民館（指定避難場所）","収容人数：910
災害適否  地震：利用可能 津波：利用可能 洪水：利用可能 土砂：利用可能","920-0852","金沢市此花町2-7","076-263-8148","076-263-8148","","","","","標高：9.8M",""
"1867","金沢市","36.569944","136.642185","避難所","","","","","","神保緑地（指定避難場所）","災害適否  地震：利用可能 津波：利用可能 洪水：利用可能 土砂：利用可能","920-0861","金沢市三社町373-1","","","","","","","",""
"1868","金沢市","36.568947","136.648089","避難所","","","","","","穴水町児童公園（指定避難場所）","災害適否  地震：利用可能 津波：利用可能 洪水：未利用 土砂：利用可能","920-0867","金沢市長土塀1-152","","","","","","","",""
"1869","金沢市","36.569235","136.651007","避難所","","","","","","玉川公園（指定避難場所）","災害適否  地震：利用可能 津波：利用可能 洪水：利用可能 土砂：利用可能","920-0863","金沢市玉川町11-3","","","","","","","",""
"1870","金沢市","36.572044","136.650009","避難所","","","","","","玉川苑（指定避難場所）","収容人数：212
災害適否  地震：利用可能 津波：利用可能 洪水：利用可能 土砂：利用可能","920-0862","金沢市芳斉2-3-28","076-260-6686","","","","","","標高：12.0M",""
"1871","金沢市","36.572038","136.64985","避難所","","","","","","芳斎公民館（指定避難場所）","収容人数：114
災害適否  地震：利用可能 津波：利用可能 洪水：利用可能 土砂：利用可能","920-0862","金沢市芳斉2-3-29","076-221-7226","076-221-7234","","","","","標高：11.8M",""
"1872","金沢市","36.572527","136.649097","避難所","","","","","","中央小学校芳斎分校（指定避難場所）","収容人数：1667
災害適否  地震：利用可能 津波：利用可能 洪水：利用可能 土砂：利用可能","920-0862","金沢市芳斉2-3-8","076-221-1811","076-221-1844","","","","","標高：11.8M",""
"1874","金沢市","36.56986","136.638958","避難所","","","","","","大和町防災拠点広場（指定避難場所）","災害適否  地震：利用可能 津波：利用可能 洪水：利用可能 土砂：利用可能","920-0046","金沢市大和町1-1","","","","","","","",""
"1875","金沢市","36.566616","136.645578","避難所","","","","","","中央市民体育館（指定避難場所）","収容人数：1747
災害適否  地震：利用可能 津波：利用可能 洪水：利用可能 土砂：利用可能","920-0865","金沢市長町3-3-3","076-260-4554","076-261-4358","","","","","標高：13.9M",""
"1876","金沢市","36.567145","136.645886","避難所","","","","","","長土塀公民館（指定避難場所）","収容人数：138
災害適否  地震：利用可能 津波：利用可能 洪水：利用可能 土砂：利用可能","920-0865","金沢市長町3-3-3","076-265-7496","076-265-7496","","","","","",""
"1877","金沢市","36.565847","136.660637","避難所","","","","","","金沢城公園（指定避難場所）","災害適否  地震：利用可能 津波：利用可能 洪水：利用可能 土砂：利用可能","920-0937","金沢市丸の内1-1","076-234-3800","076-234-5292","","","","","",""
"1878","金沢市","36.56952","136.652917","避難所","","","","","","松ヶ枝緑地（指定避難場所）","災害適否  地震：利用可能 津波：利用可能 洪水：利用可能 土砂：利用可能","920-0864","金沢市高岡町237-2","","","","","","","",""
"1879","金沢市","36.569886","136.652842","避難所","","","","","","松ヶ枝公民館（指定避難場所）","収容人数：152
災害適否  地震：利用可能 津波：利用可能 洪水：利用可能 土砂：利用可能","920-0864","金沢市高岡町7-23","076-221-6005","076-226-6113","","","","","標高：15.4M",""
"1880","金沢市","36.562781","136.650017","避難所","","","","","","長町緑地（指定避難場所）","災害適否  地震：利用可能 津波：利用可能 洪水：未利用 土砂：利用可能","920-0865","金沢市長町2-2-43","","","","","","","",""
"1881","金沢市","36.563203","136.650074","避難所","","","","","","中央公民館長町館（指定避難場所）","収容人数：911
災害適否  地震：利用可能 津波：利用可能 洪水：利用可能 土砂：利用可能","920-0033","日本、〒920-0865 金沢市長町２丁目２−４３ 金沢市中央公民館長町館","076-220-2460","076-220-2461","","","","","標高：16.7M",""
"1882","金沢市","36.563425","136.649214","避難所","","","","","","長町公民館（指定避難場所）","収容人数：148
災害適否  地震：利用可能 津波：利用可能 洪水：利用可能 土砂：利用可能","920-0865","金沢市長町2-2-16","076-231-5730","076-231-5734","","","","","標高：16.6M",""
"1883","金沢市","36.567183","136.650725","避難所","","","","","","中央小学校（指定避難場所）","収容人数：3584
災害適否  地震：利用可能 津波：利用可能 洪水：利用可能 土砂：利用可能","920-0865","金沢市長町1-10-35","076-262-8560","076-262-8055","","","","","標高：14.7M",""
"1885","金沢市","36.560006","136.674213","避難所","","","","","","天神町緑地（指定避難場所）","災害適否  地震：利用可能 津波：利用可能 洪水：利用可能 土砂：利用可能","920-0925","金沢市天神町2-617-1","","","","","","","",""
"1886","金沢市","36.558391","136.67731","避難所","","","","","","天神しらうめ公園（指定避難場所）","災害適否  地震：利用可能 津波：利用可能 洪水：利用可能 土砂：利用可能","920-0925","金沢市天神町1-586-1","","","","","","","",""
"1887","金沢市","36.560545","136.679192","避難所","","","","","","田井町第１児童公園（指定避難場所）","災害適否  地震：利用可能 津波：利用可能 洪水：利用可能 土砂：利用可能","920-0924","金沢市田井町273","","","","","","","",""
"1888","金沢市","36.56648","136.665274","避難所","","","","","","味噌蔵町公民館（指定避難場所）","収容人数：149
災害適否  地震：利用可能 津波：利用可能 洪水：利用可能 土砂：利用可能","920-0931","金沢市兼六元町7-19","076-221-2573","076-221-2573","","","","","標高：20.4M",""
"1889","金沢市","36.559645","136.680268","避難所","","","","","","兼六中学校（指定避難場所）","収容人数：3262
災害適否  地震：利用可能 津波：利用可能 洪水：利用可能 土砂：利用可能","920-0924","金沢市田井町12-12","076-263-2458","076-263-2459","","","","","標高：23.4M",""
"1890","金沢市","36.564487","136.664343","避難所","","","","","","小将町中学校（指定避難場所）","収容人数：2404
災害適否  地震：利用可能 津波：利用可能 洪水：利用可能 土砂：利用可能","920-0932","金沢市小将町1-15","076-262-6272","076-262-6273","","","","","標高：24.9M",""
"1891","金沢市","36.565889","136.666004","避難所","","","","","","兼六小学校（指定避難場所）","収容人数：2180
災害適否  地震：利用可能 津波：利用可能 洪水：利用可能 土砂：利用可能","920-0931","金沢市兼六元町7-15","076-231-7279","076-232-0515","","","","","標高：20.2M",""
"1892","金沢市","36.567749","136.673666","避難所","","","","","","常盤町緑地（指定避難場所）","災害適否  地震：利用可能 津波：利用可能 洪水：利用可能 土砂：未利用","920-0835","金沢市東御影町163-1","","","","","","","",""
"1893","金沢市","36.564035","136.689738","避難所","","","","","","睦が丘公園（指定避難場所）","災害適否  地震：利用可能 津波：利用可能 洪水：利用可能 土砂：利用可能","920-1161","金沢市鈴見台4-174","","","","","","","",""
"1894","金沢市","36.55978","136.685852","避難所","","","","","","郡家山公園（指定避難場所）","災害適否  地震：利用可能 津波：利用可能 洪水：利用可能 土砂：未利用","920-1162","金沢市鈴見町郡家山1000","","","","","","","",""
"1895","金沢市","36.559722","136.683864","避難所","","","","","","鈴見しょうぶ公園（指定避難場所）","災害適否  地震：利用可能 津波：利用可能 洪水：利用可能 土砂：未利用","920-1167","金沢市もりの里3-1000","","","","","","","",""
"1896","金沢市","36.56215","136.686935","避難所","","","","","","鈴見児童公園（指定避難場所）","災害適否  地震：利用可能 津波：利用可能 洪水：利用可能 土砂：利用可能","920-1161","金沢市鈴見台2-356","","","","","","","",""
"1897","金沢市","36.564061","136.684213","避難所","","","","","","鈴見台第２児童公園（指定避難場所）","災害適否  地震：利用可能 津波：利用可能 洪水：利用可能 土砂：利用可能","920-1161","金沢市鈴見台4-43","","","","","","","",""
"1899","金沢市","36.566961","136.667532","避難所","","","","","","材木公民館（指定避難場所）","収容人数：96
災害適否  地震：利用可能 津波：利用可能 洪水：利用可能 土砂：利用可能","920-0921","金沢市材木町13-11","076-231-3689","076-231-3689","","","","","標高：17.0M",""
"1900","金沢市","36.567165","136.667971","避難所","","","","","","旧材木町小学校（指定避難場所）","収容人数：2179
災害適否  地震：利用可能 津波：利用可能 洪水：利用可能 土砂：利用可能","920-0921","金沢市材木町13-12","","","","","","","標高：16.9M",""
"1902","金沢市","36.551374","136.659961","避難所","","","","","","菊川町公民館（指定避難場所）","収容人数：129
災害適否  地震：利用可能 津波：利用可能 洪水：利用可能 土砂：利用可能","920-0967","金沢市菊川2-3-3","","","","","","","標高：25.5M",""
"1903","金沢市","36.543675","136.674374","避難所","","","","","","城南中学校（指定避難場所）","収容人数：2598
災害適否  地震：利用可能 津波：利用可能 洪水：利用可能 土砂：利用可能","920-0966","金沢市城南1-24-1","","","","","","","標高：34.9M",""
"1904","金沢市","36.550316","136.661597","避難所","","","","","","旧菊川町小学校（指定避難場所）","収容人数：2206
災害適否  地震：利用可能 津波：利用可能 洪水：利用可能 土砂：利用可能","920-0967","金沢市菊川1-2-15","","","","","","","標高：26.3M",""
"1906","金沢市","36.5631","136.655513","避難所","","","","","","いしかわ四高記念公園（指定避難場所）","災害適否  地震：利用可能 津波：利用可能 洪水：利用可能 土砂：利用可能","920-0962","金沢市広坂2丁目","076-262-5464","076-261-1609","","","","","",""
"1907","金沢市","36.559386","136.662283","避難所","","","","","","本多の森公園（指定避難場所）","災害適否  地震：利用可能 津波：利用可能 洪水：利用可能 土砂：利用可能","920-0963","金沢市出羽町7","","","","","","","",""
"1908","金沢市","36.559162","136.660717","避難所","","","","","","本多公園（指定避難場所）","災害適否  地震：利用可能 津波：利用可能 洪水：利用可能 土砂：利用可能","920-0964","金沢市本多町3-51-1","","","","","","","",""
"1909","金沢市","36.555979","136.656861","避難所","","","","","","新竪町公民館（指定避難場所）","収容人数：170
災害適否  地震：利用可能 津波：利用可能 洪水：利用可能 土砂：利用可能","920-0971","金沢市鱗町62","076-231-0258","076-231-0260","","","","","標高：22.7M",""
"1910","金沢市","36.55549","136.660706","避難所","","","","","","遊学館高等学校（指定避難場所）","収容人数：214
災害適否  地震：利用可能 津波：利用可能 洪水：利用可能 土砂：利用可能","920-0964","金沢市本多町2-2-3","076-262-8484","076-262-6366","","","","","",""
"1911","金沢市","36.556175","136.662596","避難所","","","","","","県立工業高等学校（指定避難場所）","収容人数：1124
災害適否  地震：利用可能 津波：利用可能 洪水：利用可能 土砂：利用可能","920-0964","金沢市本多町2-3-6","076-261-7156","076-234-8008","kenkoh@m1.ishikawa-c.ed.jp","","","","",""
"1912","金沢市","36.555697","136.657037","避難所","","","","","","犀桜小学校（指定避難場所）","収容人数：1796
災害適否  地震：利用可能 津波：利用可能 洪水：利用可能 土砂：利用可能","920-0995","金沢市新竪町3-25","076-262-2355","076-262-2356","","","","","標高：23.2M",""
"1914","金沢市","36.535774","136.652192","避難所","","","","","","泉野出町第３児童公園（指定避難場所）","災害適否  地震：利用可能 津波：利用可能 洪水：利用可能 土砂：利用可能","921-8116","金沢市泉野出町4-1533","","","","","","","",""
"1915","金沢市","36.538946","136.662184","避難所","","","","","","平和町第１児童公園（指定避難場所）","災害適否  地震：利用可能 津波：利用可能 洪水：利用可能 土砂：利用可能","921-8105","金沢市平和町3-419-1","","","","","","","",""
"1916","金沢市","36.532424","136.652659","避難所","","","","","","長坂台児童公園（指定避難場所）","災害適否  地震：利用可能 津波：利用可能 洪水：利用可能 土砂：利用可能","921-8115","金沢市長坂台136","","","","","","","",""
"1917","金沢市","36.535058","136.656216","避難所","","","","","","長坂みはらし公園（指定避難場所）","災害適否  地震：利用可能 津波：利用可能 洪水：利用可能 土砂：利用可能","921-8112","金沢市長坂3-1521","","","","","","","",""
"1918","金沢市","36.538935","136.664171","避難所","","","","","","金沢大学人間社会学域学校教育学類附属高等学校（指定避難場所）","収容人数：364
災害適否  地震：利用可能 津波：利用可能 洪水：利用可能 土砂：利用可能","921-8105","金沢市平和町1-1-15","076-226-2154","076-226-2150","","","","","",""
"1919","金沢市","36.53798","136.665453","避難所","","","","","","金沢大学人間社会学域学校教育学類附属中学校（指定避難場所）","収容人数：749
災害適否  地震：利用可能 津波：利用可能 洪水：利用可能 土砂：利用可能","921-8105","金沢市平和町1-1-15","076-226-2121","076-226-2122","","","","","",""
"1920","金沢市","36.536717","136.665861","避難所","","","","","","金沢大学人間社会学域学校教育学類附属小学校（指定避難場所）","収容人数：390
災害適否  地震：利用可能 津波：利用可能 洪水：利用可能 土砂：利用可能","921-8105","金沢市平和町1-1-15","076-226-2111","076-226-2112","","","","","",""
"1921","金沢市","36.535006","136.657517","避難所","","","","","","長坂台小学校（指定避難場所）","収容人数：2376
災害適否  地震：利用可能 津波：利用可能 洪水：利用可能 土砂：利用可能","921-8112","金沢市長坂3-14-1","","","","","","","標高：58.4M",""
"1922","金沢市","36.539403","136.656189","避難所","","","","","","泉野出町第２児童公園（指定避難場所）","災害適否  地震：利用可能 津波：利用可能 洪水：利用可能 土砂：利用可能","921-8116","金沢市泉野出町1-2107","","","","","","","",""
"1923","金沢市","36.537515","136.650876","避難所","","","","","","泉野出町第１公園（指定避難場所）","災害適否  地震：利用可能 津波：利用可能 洪水：利用可能 土砂：利用可能","921-8116","金沢市泉野出町2-1601","","","","","","","",""
"1924","金沢市","36.54435","136.656784","避難所","","","","","","城南市民体育館（指定避難場所）","収容人数：331
災害適否  地震：利用可能 津波：利用可能 洪水：利用可能 土砂：利用可能","921-8111","金沢市若草町1-60","076-244-1843","076-244-7225","","","","","標高：48.0M",""
"1925","金沢市","36.539959","136.650192","避難所","","","","","","金沢市総合体育館（指定避難場所）","収容人数：4286
災害適否  地震：利用可能 津波：利用可能 洪水：利用可能 土砂：利用可能","921-8116","金沢市泉野出町3-8-1","076-247-0088","076-245-6466","","","","","標高：40.7M",""
"1926","金沢市","36.541333","136.658383","避難所","","","","","","金沢二水高等学校（指定避難場所）","収容人数：665
災害適否  地震：利用可能 津波：利用可能 洪水：利用可能 土砂：利用可能","921-8117","金沢市緑が丘20-15","076-241-3167","076-244-4555","nisuih@m1.ishikawa-c.ed.jp","","","","",""
"1927","金沢市","36.538192","136.648872","避難所","","","","","","金沢泉丘高等学校（指定避難場所）","収容人数：955
災害適否  地震：利用可能 津波：利用可能 洪水：利用可能 土砂：利用可能","921-8116","金沢市泉野出町3-10-10","076-241-6117","076-245-5253","","","","","",""
"1928","金沢市","36.542372","136.654113","避難所","","","","","","泉野小学校（指定避難場所）","収容人数：2598
災害適否  地震：利用可能 津波：利用可能 洪水：利用可能 土砂：利用可能","921-8117","金沢市緑が丘4-64","076-241-0615","076-242-2373","","","","","標高：46.0M",""
"1930","金沢市","36.540234","136.670952","避難所","","","","","","西大桑町児童公園（指定避難場所）","災害適否  地震：利用可能 津波：利用可能 洪水：利用可能 土砂：利用可能","921-8102","金沢市西大桑町715","","","","","","","",""
"1931","金沢市","36.541191","136.665351","避難所","","","","","","平和町公園（指定避難場所）","災害適否  地震：利用可能 津波：利用可能 洪水：利用可能 土砂：利用可能","921-8105","金沢市平和町2-164","","","","","","","",""
"1932","金沢市","36.527743","136.678934","避難所","","","","","","つつじが丘児童公園（指定避難場所）","災害適否  地震：利用可能 津波：利用可能 洪水：利用可能 土砂：未利用","921-8103","金沢市つつじが丘202","","","","","","","",""
"1933","金沢市","36.52532","136.677185","避難所","","","","","","万寿苑（指定避難場所）","収容人数：515
災害適否  地震：利用可能 津波：利用可能 洪水：利用可能 土砂：利用可能","921-8046","金沢市大桑町ヤ1-4","076-244-6745","","","","","","標高：131.1M",""
"1934","金沢市","36.54176","136.661173","避難所","","","","","","城南公民館（指定避難場所）","収容人数：329
災害適否  地震：利用可能 津波：利用可能 洪水：利用可能 土砂：利用可能","921-8111","金沢市若草町22-12","076-247-7041","076-247-7025","","","","","標高：52.0M",""
"1935","金沢市","36.544536","136.657948","避難所","","","","","","野田中学校（指定避難場所）","収容人数：3775
災害適否  地震：利用可能 津波：利用可能 洪水：利用可能 土砂：利用可能","921-8111","金沢市若草町1-23","076-241-5191","076-241-5192","","","","","標高：47.5M",""
"1936","金沢市","36.545327","136.660911","避難所","","","","","","十一屋小学校（指定避難場所）","収容人数：2615
災害適否  地震：利用可能 津波：利用可能 洪水：利用可能 土砂：利用可能","921-8106","金沢市十一屋町3-45","076-241-7348","076-241-7349","","","","","標高：47.5M",""
"1937","金沢市","36.56001","136.646552","避難所","","","","","","白菊町緑地（指定避難場所）","災害適否  地震：利用可能 津波：利用可能 洪水：利用可能 土砂：利用可能","921-8024","金沢市白菊町370-1","","","","","","","",""
"1938","金沢市","36.562232","136.637403","避難所","","","","","","神田町児童公園（指定避難場所）","災害適否  地震：利用可能 津波：利用可能 洪水：利用可能 土砂：利用可能","921-8027","金沢市神田1-271","","","","","","","",""
"1939","金沢市","36.55959","136.635442","避難所","","","","","","神泉児童公園（指定避難場所）","災害適否  地震：利用可能 津波：利用可能 洪水：利用可能 土砂：利用可能","921-8027","金沢市神田2-27","","","","","","","",""
"1940","金沢市","36.561333","136.644098","避難所","","","","","","中村町児童公園（指定避難場所）","災害適否  地震：利用可能 津波：利用可能 洪水：利用可能 土砂：利用可能","921-8022","金沢市中村町281","","","","","","","",""
"1941","金沢市","36.559456","136.641941","避難所","","","","","","中村町公民館（指定避難場所）","収容人数：128
災害適否  地震：利用可能 津波：利用可能 洪水：利用可能 土砂：利用可能","921-8022","金沢市中村町10-35","076-247-4447","076-247-4447","","","","","標高：14.1M",""
"1942","金沢市","36.560838","136.641925","避難所","","","","","","中村町小学校（指定避難場所）","収容人数：2174
災害適否  地震：利用可能 津波：利用可能 洪水：利用可能 土砂：利用可能","921-8022","金沢市中村町26-12","076-241-0716","076-241-0760","","","","","標高：14.5M",""
"1943","金沢市","36.54398","136.64863","避難所","","","","","","泉が丘おあしす広場（指定避難場所）","災害適否  地震：利用可能 津波：利用可能 洪水：利用可能 土砂：利用可能","921-8041","金沢市泉ヶ丘1-72","","","","","","","",""
"1944","金沢市","36.548927","136.644537","避難所","","","","","","弥生さくら公園（指定避難場所）","災害適否  地震：利用可能 津波：利用可能 洪水：利用可能 土砂：利用可能","921-8036","金沢市弥生1-753-1","","","","","","","",""
"1945","金沢市","36.549388","136.644677","避難所","","","","","","弥生公民館（指定避難場所）","収容人数：130
災害適否  地震：利用可能 津波：利用可能 洪水：利用可能 土砂：利用可能","921-8036","金沢市弥生1-29-13","076-241-1329","076-236-2237","","","","","標高：27.0M",""
"1946","金沢市","36.548819","136.645621","避難所","","","","","","泉中学校（指定避難場所）","収容人数：3279
災害適否  地震：利用不可 津波：利用可能 洪水：利用可能 土砂：利用可能","921-8036","金沢市弥生1-26-1","076-242-2411","076-242-2412","","","","","標高：31.0M",""
"1948","金沢市","36.552635721973","136.64768276323","避難所","","","","","","野町公民館（指定避難場所）","収容人数：149
災害適否  地震：利用可能 津波：利用可能 洪水：利用可能 土砂：利用可能","921-8031","金沢市野町3-11-1","076-241-5971","076-241-5211","","","","","",""
"1949","金沢市","36.554034","136.639015","避難所","","","","","","金沢中央高等学校（指定避難場所）","収容人数：690
災害適否  地震：利用可能 津波：利用可能 洪水：利用可能 土砂：利用可能","921-8042","金沢市泉本町6-105","076-243-2166","076-243-2168","","","","","",""
"1950","金沢市","36.548845","136.645589","避難所","","","","","","泉小学校（指定避難場所）","収容人数：2791
災害適否  地震：利用可能 津波：利用可能 洪水：利用可能 土砂：利用可能","921-8036","金沢市弥生１丁目２６−１","076-241-8318","076-241-8319","","","","","標高：31.7M",""
"1951","金沢市","36.567253","136.645846","避難所","","","","","","長土塀青少年交流センター","収容人数：365
災害適否  地震：利用可能 津波：利用可能 洪水：利用可能 土砂：利用可能","920-0865","金沢市長町3-3-3","076-220-2102","","","","","","",""
"1952","金沢市","36.545958","136.663605","避難所","","","","","","いしかわ子ども交流センター（指定避難場所）","収容人数：58
災害適否  地震：利用可能 津波：利用可能 洪水：利用可能 土砂：利用可能","921-8101","法島町11-8","","","","","","","",""
"1953","金沢市","36.594143","136.648023","避難所","","","","","","諸江町上丁ゆうあい公園（指定避難場所）","災害適否  地震：利用可能 津波：利用可能 洪水：未利用 土砂：利用可能","920-0014","諸江町上丁523","","","","","","","",""
"1955","金沢市","36.542379","136.68988","避難所","","","","","","田上さくらぶち公園（指定避難場所）","災害適否  地震：利用可能 津波：利用可能 洪水：利用可能 土砂：利用可能","920-1157","金沢市田上さくら２丁目100","","","","","","","",""
"1956","金沢市","36.544234","136.693928","避難所","","","","","","田上郷公園（指定避難場所）","災害適否  地震：利用可能 津波：利用可能 洪水：利用可能 土砂：利用可能","920-1156","金沢市田上の里１丁目195","","","","","","","",""
"1957","金沢市","36.5378","136.696694","避難所","","","","","","田上本町高嶋公園（指定避難場所）","災害適否  地震：利用可能 津波：利用可能 洪水：利用可能 土砂：利用可能","920-1155","金沢市田上本町３丁目52-1","","","","","","","",""
"1958","金沢市","36.50285","136.695739","避難所","","","","","","金沢工業大学天池自然学苑体育館（指定避難場所）","収容人数：656
災害適否  地震：利用可能 津波：利用可能 洪水：利用可能 土砂：利用可能","920-1331","天池町3","","","","","","","",""
"1959","金沢市","36.507023","136.62373","避難所","","","","","","四十万きずな広場（指定避難場所）","災害適否  地震：利用可能 津波：利用可能 洪水：利用可能 土砂：利用可能","921-8133","金沢市四十万町北ヌ42-1","","","","","","","",""
"1960","金沢市","36.548083","136.688669","避難所","","","","","","田上桜の道公園（指定避難場所）","災害適否  地震：利用可能 津波：利用可能 洪水：利用可能 土砂：利用可能","920-1157","金沢市田上さくら３丁目136番地","","","","","","","",""
"1961","金沢市","36.516559","136.6965","避難所","","","","","","金沢学院大学（指定避難場所）","収容人数：340
災害適否  地震：利用可能 津波：利用可能 洪水：利用可能 土砂：利用可能","920-1302","末町10","","","","","","","",""
"1962","金沢市","36.518109","136.67056","避難所","","","","","","北陸学院大学（指定避難場所）","収容人数：413
災害適否  地震：利用可能 津波：利用可能 洪水：利用可能 土砂：利用可能","920-1346","三小牛町イ11","076-280-3850","","","","","","",""
"1963","金沢市","36.517617","136.671891","避難所","","","","","","北陸学院小学校（指定避難場所）","収容人数：196
災害適否  地震：利用可能 津波：利用可能 洪水：利用可能 土砂：利用可能","920-1346","三小牛町イ11","076-280-3860","076-280-3861","","","","","",""
"1964","金沢市","36.583939","136.68156","避難所","","","","","","金沢星稜大学（指定避難場所）","収容人数：1396
災害適否  地震：利用可能 津波：利用可能 洪水：２階以上で利用可能 土砂：未利用","920-0813","御所町丑10-1","076-253-3924","","","","","","",""
"1965","金沢市","36.525431","136.70751","避難所","","","","","","北陸大学（指定避難場所）","収容人数：1253
災害適否  地震：利用可能 津波：利用可能 洪水：利用可能 土砂：利用可能","920-1154","太陽が丘1-1","076-229-1161","076-229-1348","","","","","",""
"1966","金沢市","36.545988","136.708733","避難所","","","","","","金沢大学角間キャンパス（指定避難場所）","収容人数：1616
災害適否  地震：利用可能 津波：利用可能 洪水：利用可能 土砂：利用可能","920-1192","金沢市角間町","076-264-5111","","","","","","",""
"1967","金沢市","36.55543","136.673666","避難所","","","","","","金沢大学鶴間キャンパス（指定避難場所）","収容人数：381
災害適否  地震：利用可能 津波：利用可能 洪水：利用可能 土砂：利用可能","920-0934","宝町13-1","","","","","","","",""
"1968","金沢市","36.597369","136.668946","避難所","","","","","","三池はすの里公園（指定避難場所）","災害適否  地震：利用可能 津波：利用可能 洪水：未利用 土砂：利用可能","920-0809","金沢市三池栄町346","","","","","","","",""
"1969","金沢市","36.596229","136.672819","避難所","","","","","","三池はすのみ公園（指定避難場所）","災害適否  地震：利用可能 津波：利用可能 洪水：未利用 土砂：利用可能","920-0809","金沢市三池栄町201","","","","","","","",""
"1970","金沢市","36.581487","136.625515","避難所","","","","","","戸板東公園（指定避難場所）","災害適否  地震：利用可能 津波：利用可能 洪水：利用可能 土砂：利用可能","920-0068","金沢市戸板４丁目19番地","","","","","","","",""
"2017","金沢市","36.594339","136.604294","避難所","","","","","","金沢海みらい図書館（指定避難場所）","収容人数：264
災害適否  地震：利用可能 津波：利用可能 洪水：利用可能 土砂：利用可能","920-0341","金沢市寺中町イ１−１","076-266-2011","076-266-2014","","","","","標高：2.8M",""
"2018","金沢市","36.56553","136.676434","避難所","","","","","","石川県青少年総合研修センター（指定避難場所）","収容人数：175
災害適否  地震：利用可能 津波：利用可能 洪水：利用可能 土砂：未利用","920-0834","金沢市常盤町２１２−１","076-252-0666","076-252-7177","","","","","",""
"2020","金沢市","36.610597","136.681584","避難所","","","","","","金市やすらぎ公園（指定避難場所）","災害適否  地震：利用可能 津波：利用可能 洪水：利用可能 土砂：利用可能","920-3134","金沢市金市町ニ１２−１","","","","","","","",""
"2021","金沢市","36.610826","136.667556","避難所","","","","","","千木日吉の森公園（指定避難場所）","災害適否  地震：利用可能 津波：利用可能 洪水：利用可能 土砂：利用可能","920-0001","金沢市千木町カ66","","","","","","","",""
"2022","金沢市","36.592514","136.624893","避難所","","","","","","鞍月セントラルパーク（指定避難場所）","災害適否  地震：利用可能 津波：利用可能 洪水：利用可能 土砂：利用可能","920-8203","金沢市鞍月1丁目8","","","","","","","",""
"2023","金沢市","36.579458","136.598275","避難所","","","","","","いしかわ総合スポーツセンター（指定避難場所）","収容人数：567
災害適否  地震：利用可能 津波：利用可能 洪水：未利用 土砂：利用可能","920-0355","金沢市稚日野町北222","076-268-2222","076-268-2238","","","","","標高：4.6M",""
"2025","金沢市","36.562301","136.586102","避難所","","","","","","産王の杜公園（指定避難場所）","災害適否  地震：利用可能 津波：利用可能 洪水：未利用 土砂：利用可能","920-0381","金沢市中屋１丁目177","","","","","","","",""
"2026","金沢市","36.563068","136.586666","避難所","","","","","","八洲原公園（指定避難場所）","災害適否  地震：利用可能 津波：利用可能 洪水：未利用 土砂：利用可能","920-0374","金沢市上安原町177","","","","","","","",""
"2027","金沢市","36.601589","136.604543","避難所","","","","","","きびきの中央公園（指定避難場所）","災害適否  地震：利用可能 津波：利用可能 洪水：未利用 土砂：利用可能","920-0339","金沢市木曳野3丁目30","","","","","","","",""
"2028","金沢市","36.582291","136.615564","避難所","","","","","","松村あおぞら公園（指定避難場所）","災害適否  地震：利用可能 津波：利用可能 洪水：未利用 土砂：利用可能","920-0348","金沢市松村３丁目550","","","","","","","",""
"2029","金沢市","36.599722","136.613421","避難所","","","","","","無量寺ベイパーク（指定避難場所）","災害適否  地震：利用可能 津波：利用可能 洪水：未利用 土砂：利用可能","920-0333","金沢市無量寺４丁目147","","","","","","","",""
"2030","金沢市","36.602385","136.615143","避難所","","","","","","無量寺うみかぜ公園（指定避難場所）","災害適否  地震：利用可能 津波：利用可能 洪水：未利用 土砂：利用可能","920-0332","金沢市無量寺町ハ201","","","","","","","",""
"2031","金沢市","36.595942","136.597095","避難所","","","","","","大野湊緑地公園（指定避難場所）","災害適否  地震：利用可能 津波：利用可能 洪水：未利用 土砂：利用可能","920-0336","金沢市普正寺町３の148-1","","","","","","","",""
"2032","金沢市","36.549485","136.673237","避難所","","","","","","笠舞第２児童公園（指定避難場所）","災害適否  地震：利用可能 津波：利用可能 洪水：利用可能 土砂：利用可能","920-0965","金沢市笠舞１丁目４１４","","","","","","","",""
"2033","金沢市","36.535719","136.677447","避難所","","","","","","大桑かやのした公園（指定避難場所）","災害適否  地震：利用可能 津波：利用可能 洪水：利用可能 土砂：利用可能","921-8045","金沢市大桑３丁目８１","","","","","","","",""
"2035","金沢市","36.609002","136.598739","避難所","","","","","","金石町小学校（指定避難場所）","収容人数：2188
災害適否  地震：利用可能 津波：利用可能 洪水：利用可能 土砂：利用可能","920-0338","金沢市金石北４丁目１−１","076-268-1313","076-268-1314","","","","","標高：8.1M",""
"2036","金沢市","36.517923","136.742942","避難所","","","","","","キゴ山ふれあい研修センターこども交流棟（指定避難場所）","収容人数：998
災害適否  地震：利用可能 津波：利用可能 洪水：利用可能 土砂：利用可能","920-0033","金沢市平等本町カ−１３−１","076-229-1141","076-229-2511","tentai@city.kanazawa.lg.jp","","","","",""
"2037","金沢市","36.52372","136.746017","避難所","","","","","","キゴ山ふれあい研修センター青少年交流棟（指定避難場所）","収容人数：1304
災害適否  地震：利用可能 津波：利用可能 洪水：利用可能 土砂：利用可能","920-1107","金沢市小豆沢町ヲ４","076-229-0583","076-229-3489","fureai@city.kanazawa.lg.jp","","","","",""
"2038","金沢市","36.583184","136.646533","避難所","","","","","","金沢勤労者プラザ（指定避難場所）","収容人数：176
災害適否  地震：利用可能 津波：利用可能 洪水：利用可能 土砂：利用可能","920-0022","金沢市北安江３丁目２−２０","076-234-7871","076-234-7810","","","","","標高：8.0M",""
"2039","金沢市","36.532174","136.698863","避難所","","","","","","田上本町馬場公園（指定避難場所）","災害適否  地震：利用可能 津波：利用可能 洪水：利用可能 土砂：利用可能","920-1155","金沢市田上本町１丁目1","","","","","","","",""
"2040","金沢市","36.534366","136.693445","避難所","","","","","","田上本町朝霧公園（指定避難場所）","災害適否  地震：利用可能 津波：利用可能 洪水：利用可能 土砂：利用可能","920-1155","金沢市田上本町1-1","","","","","","","",""
"2335","金沢市","36.570588","136.645374","避難所","","","","","","女性センター（指定避難場所）","収容人数：81
災害適否  地震：利用可能 津波：利用可能 洪水：利用可能 土砂：利用可能","920-0861","金沢市三社町１−４４","076-263-0115","076-263-0118","","","","","標高：11.5M",""
"2337","金沢市","36.581375","136.60983","避難所","","","","","","示野公園（指定避難場所）","災害適否  地震：利用可能 津波：利用可能 洪水：未利用 土砂：利用可能","920-0059","金沢市示野町チ233番地","","","","","","","",""
"2339","金沢市","36.581582","136.622573","避難所","","","","","","戸板公園（指定避難場所）","災害適否  地震：利用可能 津波：利用可能 洪水：未利用 土砂：利用可能","920-0068","金沢市戸板５丁目87番地","","","","","","","",""
"2824","金沢市","36.516912","136.688079","避難所","","","","","","犀川公民館（指定避難場所）","収容人数：154
災害適否  地震：利用可能 津波：利用可能 洪水：利用可能 土砂：利用可能","920-1302","石川県金沢市末町６の−６７−１","076-229-0949","076-229-0944","","","","","",""
"2825","金沢市","36.561509","136.617891","避難所","","","","","","米丸交流広場（指定避難場所）","災害適否  地震：利用可能 津波：利用可能 洪水：未利用 土砂：利用可能","921-8016","金沢市東力町ハ3-1","","","","","","","",""
"2826","金沢市","36.571488","136.655875","避難所","","","","","","近江町いちば館（指定避難場所）","収容人数：733
災害適否  地震：利用可能 津波：利用可能 洪水：利用可能 土砂：利用可能","920-0907","金沢市青草町８８","","","","","","","",""
"2827","金沢市","36.532653","136.629426","避難所","","","","","","国際高等専門学校（指定避難場所）","収容人数：3600人
災害適否  地震：利用可能 津波：利用可能 洪水：利用可能 土砂：利用可能","920-8601","金沢市久安２丁目270","076-248-1080","076-248-5548","","","","","",""
"2828","金沢市","36.603673","136.710466","避難所","","","","","","河原市町みずほ中央公園（指定避難場所）","災害適否  地震：利用可能 津波：利用可能 洪水：利用可能 土砂：利用可能","920-0172","金沢市河原市町30番","","","","","","","",""
"2829","金沢市","36.536539","136.676748","避難所","","","","","","大桑防災拠点広場（指定避難場所）","収容人数：200
災害適否  地震：利用可能 津波：利用可能 洪水：利用可能 土砂：利用可能","921-8045","金沢市大桑3丁目80番","","","","","","","",""
"2830","金沢市","36.535838","136.669383","避難所","","","","","","野田東公園（指定避難場所）","災害適否  地震：利用可能 津波：利用可能 洪水：利用可能 土砂：利用可能","921-8107","金沢市野田２丁目120番地","","","","","","","",""
"2831","金沢市","36.533942","136.66309","避難所","","","","","","野田西公園（指定避難場所）","災害適否  地震：利用可能 津波：利用可能 洪水：利用可能 土砂：利用可能","921-8107","金沢市野田４丁目173番地","","","","","","","",""
"2832","金沢市","36.534536","136.707642","避難所","","","","","","太陽が丘しいの木公園（指定避難場所）","災害適否  地震：利用可能 津波：利用可能 洪水：利用可能 土砂：利用可能","920-1154","太陽ヶ丘土地区画整理事業地内7工区","","","","","","","",""
"3185","金沢市","36.592958","136.670627","避難所","","","","","","東金沢駅前かがやき公園（指定避難場所）","災害適否  地震：利用可能 津波：利用可能 洪水：未利用 土砂：利用可能","920-0802","金沢市三池町208-3","","","","","","","",""
"3186","金沢市","36.53182","136.672687","避難所","","","","","","野田南広場（指定避難場所）","災害適否  地震：利用可能 津波：利用可能 洪水：利用可能 土砂：利用可能","921-8107","金沢市野田１丁目45番地","","","","","","","",""
"3187","金沢市","36.532722","136.669938","避難所","","","","","","野田中央公園（指定避難場所）","災害適否  地震：利用可能 津波：利用可能 洪水：利用可能 土砂：利用可能","921-8107","金沢市野田１丁目176番地","","","","","","","",""
"3188","金沢市","36.616044","136.639819","避難所","","","","","","大河端西鷹狩り公園（指定避難場所）","災害適否  地震：利用可能 津波：利用可能 洪水：未利用 土砂：利用可能","920-0210","金沢市大河端西１丁目57番地","","","","","","","",""
"3189","金沢市","36.562778","136.666093","避難所","","","","","","金沢大学人間社会学域学校教育学類附属特別支援学校（指定避難場所）","災害適否  地震：利用可能 津波：利用可能 洪水：利用可能 土砂：利用可能","920-0933","金沢市東兼六町２−１０","","","","","","","",""
"3801","金沢市","36.552767","136.648021","避難所","","","","","","旧野町小学校（指定避難場所）","収容人数：1924
災害適否  地震：利用可能 津波：利用可能 洪水：利用可能 土砂：利用可能","921-8031","金沢市野町３丁目１１−１","","","","","","","標高：31.0M",""
"4017","金沢市","36.538989","136.675823","避難所","","","","","","犀川緑地（指定避難場所）","災害適否  地震：利用可能 津波：利用可能 洪水：未利用 土砂：利用可能","","金沢市涌波～普正寺町","","","","","","","緯度・経度はシステム上便宜的に入力しています。実際の位置（エリア）は犀川緑地（金沢市涌波～普正寺町）です。",""
"4018","金沢市","36.597962","136.659445","避難所","","","","","","金沢プール（指定避難場所）","収容人数：809
災害適否  地震：利用可能 津波：利用可能 洪水：利用可能 土砂：利用可能","920-0012","金沢市磯部町ハ55番地","076-251-3535","076-251-3536","","","","","標高：4.8M",""
"4019","金沢市","36.594682","136.625573","避難所","","","","","","東浅川公民館（指定避難場所）","収容人数：150
災害適否  地震：利用不可 津波：利用可能 洪水：未利用 土砂：利用可能","920-1146","金沢市上中町ニ14番地","","","","","","","標高：61.8M",""
"5835","金沢市","36.566447642263","136.65277183056","避難所","","","","","","金沢市文化ホール","収容人数：527
災害適否  地震：利用可能 津波：利用可能 洪水：利用可能 土砂：利用可能","920-0033","金沢市高岡町１５−１","076-223-1221","076-223-1299","","","","","",""
